回答ID,回答日時,名刺画像,表面ファイル名,裏面ファイル名,会社名,部署,役職,姓,名,メールアドレス,郵便番号,住所1,住所2,携帯,TEL1,FAX,URL
00000001,2026-06-15 09:35:45,両面,0000000582_00000001_1.jpg,0000000582_00000001_2.jpg,株式会社アオゾラ精機,品質保証部,エンジニア,柏木,美咲,misaki.kashiwagi@aozora.example.com,842-9210,北海道札幌市中央区栄町1-6-11,,,03-5998-6509,,https://www.aozora.example.com/
00000002,2026-06-15 09:39:02,表面のみ,0000000582_00000002_1.jpg,,イスズミ電装株式会社,営業部,チーフ,高森,郁夫,ikuo.takamori@isuzumi.example.jp,499-8252,宮城県仙台市青葉区旭町1-19-14,パークビル4F,070-9930-5167,092-2173-3042,092-2173-9647,https://www.isuzumi.example.jp/
00000003,2026-06-15 09:41:30,表面のみ,0000000582_00000003_1.jpg,,株式会社ウチダ計装ホールディングス,営業企画部,,森田,理沙,risa.morita@uchida.example.jp,504-3006,埼玉県さいたま市大宮区本町1-11-2,,,052-9473-5158,052-9473-2657,https://www.uchida.example.jp/
00000004,2026-06-15 09:46:00,両面,0000000582_00000004_1.jpg,0000000582_00000004_2.jpg,エイコウ機工工業株式会社,総務部,次長,栗原,理沙,risa.kurihara@eiko.example.jp,782-4817,千葉県千葉市美浜区緑が丘4-9-11,,080-9450-7112,045-8646-6084,045-8646-9385,https://www.eiko.example.jp/
00000005,2026-06-15 09:47:46,表面のみ,0000000582_00000005_1.jpg,,株式会社オリベ産業,海外事業部,,柏木,亮太,ryota.kashiwagi@oribe.example.com,161-4131,東京都千代田区港南1-15-4,,070-6184-3565,082-2103-2602,,https://www.oribe.example.com/
00000006,2026-06-15 09:58:15,両面,0000000582_00000006_1.jpg,0000000582_00000006_2.jpg,カケハシ技研株式会社,営業企画部,担当,北村,哲也,tetsuya.kitamura@kakehashi.example.jp,364-9663,東京都港区白金台町3-4-2,,090-5460-5120,052-8328-1710,052-8328-8831,https://www.kakehashi.example.jp/
00000007,2026-06-15 10:08:42,両面,0000000582_00000007_1.jpg,0000000582_00000007_2.jpg,株式会社キタホシ工業ホールディングス,DX推進室,エンジニア,坂上,洋平,yohei.sakagami@kitahoshi.example.com,289-8352,東京都江東区扇町4-13-8,グリーンビル6F,090-8424-9485,03-4977-9065,,
00000008,2026-06-15 10:19:17,両面,0000000582_00000008_1.jpg,0000000582_00000008_2.jpg,クレバス情報システム工業株式会社,品質保証部,担当,立花,文哉,fumiya.tachibana@crevasse.example.com,504-3307,東京都大田区曙町4-18-1,,090-6053-2945,06-9835-6993,06-9835-7819,https://www.crevasse.example.com/
00000009,2026-06-15 10:23:32,表面のみ,0000000582_00000009_1.jpg,,株式会社ケヤキ製作所,調達部,担当,宮下,拓海,takumi.miyashita@keyaki.example.com,957-4340,東京都八王子市若葉台2-16-11,,080-9024-1164,011-1047-8476,,https://www.keyaki.example.com/
00000010,2026-06-15 10:26:22,なし,,,,,,,,,,,,,,,
00000011,2026-06-15 10:30:28,両面,0000000582_00000011_1.jpg,0000000582_00000011_2.jpg,コハク電子株式会社,経営企画部,担当,竹内,文哉,fumiya.takeuchi@kohaku.example.jp,337-1649,神奈川県横浜市西区桜堤5-7-12,サンライズビル12F,070-6176-4308,045-7939-6967,045-7939-2467,https://www.kohaku.example.jp/
00000012,2026-06-15 10:46:55,両面,0000000582_00000012_1.jpg,0000000582_00000012_2.jpg,株式会社サンリツ機械ホールディングス,総務部,課長,野口,郁夫,ikuo.noguchi@sanritsu.example.com,135-8075,神奈川県川崎市幸区新開町2-12-5,,,082-6997-9401,,https://www.sanritsu.example.com/
00000013,2026-06-15 10:52:57,表面のみ,0000000582_00000013_1.jpg,,シグマパーツ工業株式会社,品質保証部,係長,萩原,秀樹,hideki.hagiwara@sigma.example.jp,169-4622,新潟県新潟市中央区浜見平3-20-1,ベイビル12F,090-7188-8694,022-4077-4979,,https://www.sigma.example.jp/
00000014,2026-06-15 11:09:54,両面,0000000582_00000014_1.jpg,0000000582_00000014_2.jpg,株式会社スズカゼ空調,総務部,リーダー,竹内,英治,eiji.takeuchi@suzukaze.example.jp,626-9849,長野県松本市千歳町1-20-4,リバーサイドビル10F,,052-3883-9395,,https://www.suzukaze.example.jp/
00000015,2026-06-15 11:10:48,表面のみ,0000000582_00000015_1.jpg,,セイリュウ金属株式会社,営業企画部,主任,栗原,俊介,shunsuke.kurihara@seiryu.example.com,353-9994,静岡県浜松市中区藤棚町5-2-2,,,045-3300-2094,045-3300-2876,https://www.seiryu.example.com/
00000016,2026-06-15 11:11:02,両面,0000000582_00000016_1.jpg,0000000582_00000016_2.jpg,株式会社ソラチ設備ホールディングス,品質保証部,係長,片岡,敦子,atsuko.kataoka@sorachi.example.jp,326-6790,愛知県名古屋市中村区楠木町2-15-8,グリーンビル10F,080-9031-4477,052-1720-9354,,https://www.sorachi.example.jp/
00000017,2026-06-15 11:15:08,両面,0000000582_00000017_1.jpg,0000000582_00000017_2.jpg,タチバナ樹脂工業株式会社,,担当,岡部,敦子,atsuko.okabe@tachibana.example.jp,447-6014,愛知県豊田市汐入町2-14-11,,070-3726-1364,03-2227-9236,,
00000018,2026-06-15 11:20:15,表面のみ,0000000582_00000018_1.jpg,,株式会社ツバサ物流,経営企画部,エンジニア,寺岡,彰,akira.teraoka@tsubasa.example.com,874-5129,京都府京都市下京区柳原町5-19-1,グリーンビル6F,070-7214-1713,052-8048-2443,052-8048-9649,https://www.tsubasa.example.com/
00000019,2026-06-15 11:21:40,表面のみ,0000000582_00000019_1.jpg,,テクノハヤセ株式会社,DX推進室,マネージャー,藤本,裕子,hiroko.fujimoto@techno.example.com,113-5333,大阪府大阪市北区駒形町2-10-9,グリーンビル2F,090-6742-2919,092-9743-8174,,https://www.techno.example.com/
00000020,2026-06-15 11:24:37,両面,0000000582_00000020_1.jpg,0000000582_00000020_2.jpg,株式会社トキワ計測ホールディングス,海外事業部,主任,村上,理沙,risa.murakami@tokiwa.example.com,266-4810,大阪府東大阪市栄町3-13-10,,,011-4587-6194,,https://www.tokiwa.example.com/
00000021,2026-06-15 11:26:37,両面,0000000582_00000021_1.jpg,0000000582_00000021_2.jpg,ナルミ精密工業株式会社,設備管理部,部長,三浦,清美,kiyomi.miura@narumi.example.com,162-7176,兵庫県神戸市中央区旭町3-5-1,,,022-3898-6348,,
00000022,2026-06-15 11:27:53,両面,0000000582_00000022_1.jpg,0000000582_00000022_2.jpg,株式会社ニシキ環境,技術開発部,エンジニア,石橋,健吾,kengo.ishibashi@nishiki.example.jp,698-6750,広島県広島市中区本町1-16-10,中央ビル4F,090-1338-4335,022-9847-7349,,https://www.nishiki.example.jp/
00000023,2026-06-15 11:38:50,表面のみ,0000000582_00000023_1.jpg,,ヌマタ鋼業株式会社,総務部,チーフ,高森,洋平,yohei.takamori@numata.example.jp,196-6760,香川県高松市緑が丘5-2-15,パークビル6F,070-9415-1171,03-8235-1480,03-8235-1286,https://www.numata.example.jp/
00000024,2026-06-15 11:46:23,両面,0000000582_00000024_1.jpg,0000000582_00000024_2.jpg,株式会社ネイロ通信ホールディングス,情報システム部,担当,山岸,真央,mao.yamagishi@neiro.example.com,534-4593,福岡県福岡市博多区港南3-8-3,,080-9226-1236,06-6197-3547,,https://www.neiro.example.com/
00000025,2026-06-15 11:56:19,両面,0000000582_00000025_1.jpg,0000000582_00000025_2.jpg,ノザワ電機工業株式会社,海外事業部,,岩瀬,智子,tomoko.iwase@nozawa.example.jp,380-7057,熊本県熊本市中央区白金台町3-9-9,サンライズビル5F,070-7735-7203,06-8962-1248,06-8962-8124,https://www.nozawa.example.jp/
00000026,2026-06-15 11:59:21,両面,0000000582_00000026_1.jpg,0000000582_00000026_2.jpg,株式会社ハクバ印刷,経営企画部,,竹内,郁夫,ikuo.takeuchi@hakuba.example.com,572-9172,北海道札幌市中央区扇町1-17-3,グリーンビル5F,090-4293-2425,092-3469-9067,,https://www.hakuba.example.com/
00000027,2026-06-15 12:01:05,表面のみ,0000000582_00000027_1.jpg,,ヒノデ化成株式会社,,担当,立花,菜々美,nanami.tachibana@hinode.example.com,150-7804,宮城県仙台市青葉区曙町5-14-13,ステーションビル12F,070-6197-2597,022-4678-2195,,https://www.hinode.example.com/
00000028,2026-06-15 12:03:37,両面,0000000582_00000028_1.jpg,0000000582_00000028_2.jpg,株式会社フタバ搬送ホールディングス,第二営業部,チーフ,野口,俊介,shunsuke.noguchi@futaba.example.jp,429-4709,埼玉県さいたま市大宮区若葉台3-5-2,パークビル3F,070-6845-5413,052-5421-4428,,https://www.futaba.example.jp/
00000029,2026-06-15 12:04:08,両面,0000000582_00000029_1.jpg,0000000582_00000029_2.jpg,ヘイセイ工機工業株式会社,DX推進室,,中西,俊介,shunsuke.nakanishi@heisei.example.jp,612-8348,千葉県千葉市美浜区桜堤3-15-3,,,03-9396-4636,03-9396-1598,
00000030,2026-06-15 12:07:20,表面のみ,0000000582_00000030_1.jpg,,株式会社ホシカワ製薬,技術開発部,主任,矢野,恵子,keiko.yano@hoshikawa.example.com,914-7861,東京都千代田区新開町2-18-15,,070-6053-5902,082-1980-3101,082-1980-8051,
00000031,2026-06-15 12:08:12,両面,0000000582_00000031_1.jpg,0000000582_00000031_2.jpg,マツカゼ建材株式会社,調達部,課長,久保田,彰,akira.kubota@matsukaze.example.jp,615-4461,東京都港区浜見平5-8-9,サンライズビル6F,,092-4320-4926,,https://www.matsukaze.example.jp/
00000032,2026-06-15 12:14:43,両面,0000000582_00000032_1.jpg,0000000582_00000032_2.jpg,株式会社ミナモ水処理ホールディングス,設備管理部,エンジニア,立花,敦子,atsuko.tachibana@minamo.example.com,166-8963,東京都江東区千歳町1-18-7,パークビル6F,,075-6979-3555,,https://www.minamo.example.com/
00000033,2026-06-15 12:15:15,両面,0000000582_00000033_1.jpg,0000000582_00000033_2.jpg,ムサシ計器工業株式会社,経営企画部,担当,上田,翔子,shoko.ueda@musashi.example.com,950-5654,東京都大田区藤棚町3-8-1,サンライズビル7F,070-9561-8534,082-1252-2838,082-1252-7343,https://www.musashi.example.com/
00000034,2026-06-15 12:18:36,両面,0000000582_00000034_1.jpg,0000000582_00000034_2.jpg,株式会社メグロ電業,情報システム部,エンジニア,柴崎,英治,eiji.shibasaki@meguro.example.com,798-4038,東京都八王子市楠木町3-19-11,,080-4038-7635,045-9111-1378,,
00000035,2026-06-15 12:20:44,なし,,,,,,,,,,,,,,,
00000036,2026-06-15 12:27:44,両面,0000000582_00000036_1.jpg,0000000582_00000036_2.jpg,モリノ製函株式会社,総務部,マネージャー,川島,菜々美,nanami.kawashima@morino.example.com,797-7419,神奈川県横浜市西区汐入町5-20-7,リバーサイドビル10F,,082-4181-5938,082-4181-3830,
00000037,2026-06-15 12:30:52,表面のみ,0000000582_00000037_1.jpg,,株式会社ヤエス機材ホールディングス,生産技術部,,津田,正義,masayoshi.tsuda@yaesu.example.jp,722-3220,神奈川県川崎市幸区柳原町5-6-3,ステーションビル3F,080-8629-4704,011-6767-6952,011-6767-8660,
00000038,2026-06-15 12:33:13,表面のみ,0000000582_00000038_1.jpg,,ユウナギ商事工業株式会社,経営企画部,課長,遠藤,裕子,hiroko.endo@yunagi.example.jp,989-6177,新潟県新潟市中央区駒形町1-6-13,ベイビル9F,090-5766-1383,022-9100-7890,022-9100-3940,https://www.yunagi.example.jp/
00000039,2026-06-15 12:38:03,両面,0000000582_00000039_1.jpg,0000000582_00000039_2.jpg,株式会社ヨツバ油圧,海外事業部,担当,宮下,哲也,tetsuya.miyashita@yotsuba.example.jp,753-7813,長野県松本市栄町2-4-14,,080-1125-9895,052-2072-2853,,
00000040,2026-06-15 12:39:31,両面,0000000582_00000040_1.jpg,0000000582_00000040_2.jpg,ワカバ食品機械株式会社,情報システム部,担当,中西,亮太,ryota.nakanishi@wakaba.example.jp,954-5826,静岡県浜松市中区旭町1-6-15,中央ビル9F,,045-9185-7005,,https://www.wakaba.example.jp/
00000041,2026-06-15 12:43:00,表面のみ,0000000582_00000041_1.jpg,,株式会社アカツキ溶接ホールディングス,生産技術部,,篠田,菜々美,nanami.shinoda@akatsuki.example.com,727-8815,愛知県名古屋市中村区本町2-12-6,,070-6616-4105,092-2615-5726,,https://www.akatsuki.example.com/
00000042,2026-06-15 12:52:53,表面のみ,0000000582_00000042_1.jpg,,イブキ断熱工業株式会社,経営企画部,,白石,裕也,yuya.shiraishi@ibuki.example.com,682-5419,愛知県豊田市緑が丘4-8-12,,080-6572-4975,082-7217-2505,,https://www.ibuki.example.com/
00000043,2026-06-15 12:55:04,両面,0000000582_00000043_1.jpg,0000000582_00000043_2.jpg,株式会社カンナギ検査,調達部,,戸田,洋平,yohei.toda@kannagi.example.jp,989-6612,京都府京都市下京区港南4-9-5,,,075-8107-2090,,https://www.kannagi.example.jp/
00000044,2026-06-15 12:57:45,両面,0000000582_00000044_1.jpg,0000000582_00000044_2.jpg,サワラギ自動機株式会社,技術開発部,主任,菅野,一樹,kazuki.sugano@sawaragi.example.jp,687-1967,大阪府大阪市北区白金台町5-3-3,,,011-8836-3713,,
00000045,2026-06-15 13:00:03,両面,0000000582_00000045_1.jpg,0000000582_00000045_2.jpg,株式会社タカミネ照明ホールディングス,生産技術部,,斎木,健吾,kengo.saiki@takamine.example.com,215-9373,大阪府東大阪市扇町1-18-1,,090-1632-3517,03-1375-9910,,https://www.takamine.example.com/
00000046,2026-06-15 13:03:32,表面のみ,0000000582_00000046_1.jpg,,ハルカゼ農機工業株式会社,調達部,リーダー,藤本,美咲,misaki.fujimoto@harukaze.example.com,760-8719,兵庫県神戸市中央区曙町4-19-6,,080-2668-2248,011-8561-8170,,https://www.harukaze.example.com/
00000047,2026-06-15 13:05:34,両面,0000000582_00000047_1.jpg,0000000582_00000047_2.jpg,株式会社フジミ光学,経営企画部,取締役,長谷部,秀樹,hideki.hasebe@fujimi.example.com,529-9462,広島県広島市中区若葉台5-14-15,リバーサイドビル4F,,052-9026-6386,,https://www.fujimi.example.com/
00000048,2026-06-15 13:11:30,両面,0000000582_00000048_1.jpg,0000000582_00000048_2.jpg,ミカヅキ精工株式会社,経営企画部,担当,吉岡,智子,tomoko.yoshioka@mikazuki.example.com,248-7911,香川県高松市桜堤1-7-8,,070-8340-5824,03-5131-1446,03-5131-9975,https://www.mikazuki.example.com/
00000049,2026-06-15 13:21:10,両面,0000000582_00000049_1.jpg,0000000582_00000049_2.jpg,株式会社アオゾラ精機,生産技術部,次長,柴崎,理沙,risa.shibasaki@aozora.example.com,842-9210,北海道札幌市中央区栄町1-6-11,,070-2328-3520,03-4953-9417,,https://www.aozora.example.com/
00000050,2026-06-15 13:31:30,両面,0000000582_00000050_1.jpg,0000000582_00000050_2.jpg,イスズミ電装株式会社,生産技術部,担当,瀬川,千尋,chihiro.segawa@isuzumi.example.jp,499-8252,宮城県仙台市青葉区旭町1-19-14,パークビル5F,,092-6061-5361,092-6061-6831,https://www.isuzumi.example.jp/
00000051,2026-06-15 13:35:53,両面,0000000582_00000051_1.jpg,0000000582_00000051_2.jpg,株式会社ウチダ計装ホールディングス,情報システム部,主任,和田,翔平,shohei.wada@uchida.example.jp,504-3006,埼玉県さいたま市大宮区本町1-11-2,,,052-6691-1485,052-6691-5067,
00000052,2026-06-15 13:41:02,両面,0000000582_00000052_1.jpg,0000000582_00000052_2.jpg,エイコウ機工工業株式会社,,主任,片岡,智子,tomoko.kataoka@eiko.example.jp,782-4817,千葉県千葉市美浜区緑が丘4-9-11,,,045-3135-5814,045-3135-7919,https://www.eiko.example.jp/
00000053,2026-06-15 13:56:23,表面のみ,0000000582_00000053_1.jpg,,株式会社オリベ産業,生産技術部,担当,矢野,敦子,atsuko.yano@oribe.example.com,161-4131,東京都千代田区港南1-15-4,,070-2850-9871,082-5852-3804,082-5852-7537,
00000054,2026-06-15 14:00:57,両面,0000000582_00000054_1.jpg,0000000582_00000054_2.jpg,カケハシ技研株式会社,総務部,主任,岡部,洋平,yohei.okabe@kakehashi.example.jp,364-9663,東京都港区白金台町3-4-2,,,052-4673-6795,052-4673-2984,https://www.kakehashi.example.jp/
00000055,2026-06-15 14:02:39,表面のみ,0000000582_00000055_1.jpg,,株式会社キタホシ工業ホールディングス,営業部,係長,前田,清美,kiyomi.maeda@kitahoshi.example.com,289-8352,東京都江東区扇町4-13-8,グリーンビル2F,,03-7567-3743,,https://www.kitahoshi.example.com/
00000056,2026-06-15 14:04:11,なし,,,,,,,,,,,,,,,
00000057,2026-06-15 14:06:38,両面,0000000582_00000057_1.jpg,0000000582_00000057_2.jpg,クレバス情報システム工業株式会社,調達部,リーダー,片岡,大輔,daisuke.kataoka@crevasse.example.com,504-3307,東京都大田区曙町4-18-1,,080-6788-3339,06-3587-2602,06-3587-9933,https://www.crevasse.example.com/
00000058,2026-06-15 14:14:39,両面,0000000582_00000058_1.jpg,0000000582_00000058_2.jpg,株式会社ケヤキ製作所,,エンジニア,福島,美咲,misaki.fukushima@keyaki.example.com,957-4340,東京都八王子市若葉台2-16-11,,,011-1325-9623,,
00000059,2026-06-15 14:16:27,表面のみ,0000000582_00000059_1.jpg,,コハク電子株式会社,品質保証部,マネージャー,森田,恵子,keiko.morita@kohaku.example.jp,337-1649,神奈川県横浜市西区桜堤5-7-12,サンライズビル6F,,045-9024-3142,,https://www.kohaku.example.jp/
00000060,2026-06-15 14:17:26,両面,0000000582_00000060_1.jpg,0000000582_00000060_2.jpg,株式会社サンリツ機械ホールディングス,営業企画部,担当,福島,正義,masayoshi.fukushima@sanritsu.example.com,135-8075,神奈川県川崎市幸区新開町2-12-5,,080-2568-3675,082-6757-6593,,https://www.sanritsu.example.com/
00000061,2026-06-15 14:19:44,両面,0000000582_00000061_1.jpg,0000000582_00000061_2.jpg,シグマパーツ工業株式会社,品質保証部,課長,相沢,亮太,ryota.aizawa@sigma.example.jp,169-4622,新潟県新潟市中央区浜見平3-20-1,ベイビル10F,090-3182-9938,022-9305-4624,022-9305-7930,https://www.sigma.example.jp/
00000062,2026-06-15 14:19:49,なし,,,,,,,,,,,,,,,
00000063,2026-06-15 14:24:26,両面,0000000582_00000063_1.jpg,0000000582_00000063_2.jpg,株式会社スズカゼ空調,生産技術部,課長,石橋,菜々美,nanami.ishibashi@suzukaze.example.jp,626-9849,長野県松本市千歳町1-20-4,リバーサイドビル6F,,052-4552-8353,,https://www.suzukaze.example.jp/
00000064,2026-06-15 14:26:26,両面,0000000582_00000064_1.jpg,0000000582_00000064_2.jpg,セイリュウ金属株式会社,海外事業部,エンジニア,石橋,郁夫,ikuo.ishibashi@seiryu.example.com,353-9994,静岡県浜松市中区藤棚町5-2-2,,090-7078-7176,045-3572-7151,,
00000065,2026-06-15 14:28:31,表面のみ,0000000582_00000065_1.jpg,,株式会社ソラチ設備ホールディングス,海外事業部,担当,久保田,一樹,kazuki.kubota@sorachi.example.jp,326-6790,愛知県名古屋市中村区楠木町2-15-8,グリーンビル11F,070-7095-6459,052-2449-5784,052-2449-8419,https://www.sorachi.example.jp/
00000066,2026-06-15 14:32:18,表面のみ,0000000582_00000066_1.jpg,,タチバナ樹脂工業株式会社,調達部,担当,寺岡,正義,masayoshi.teraoka@tachibana.example.jp,447-6014,愛知県豊田市汐入町2-14-11,,070-4352-6900,03-2608-6295,,https://www.tachibana.example.jp/
00000067,2026-06-15 14:34:30,表面のみ,0000000582_00000067_1.jpg,,株式会社ツバサ物流,DX推進室,課長,津田,千尋,chihiro.tsuda@tsubasa.example.com,874-5129,京都府京都市下京区柳原町5-19-1,グリーンビル6F,070-5452-9550,052-2950-2443,052-2950-4190,https://www.tsubasa.example.com/
00000068,2026-06-15 14:40:26,両面,0000000582_00000068_1.jpg,0000000582_00000068_2.jpg,テクノハヤセ株式会社,営業企画部,課長,牧野,秀樹,hideki.makino@techno.example.com,113-5333,大阪府大阪市北区駒形町2-10-9,グリーンビル2F,,092-8018-5399,,https://www.techno.example.com/
00000069,2026-06-15 14:42:26,両面,0000000582_00000069_1.jpg,0000000582_00000069_2.jpg,株式会社トキワ計測ホールディングス,技術開発部,チーフ,井川,俊介,shunsuke.ikawa@tokiwa.example.com,266-4810,大阪府東大阪市栄町3-13-10,,090-7572-6290,011-5581-3430,,
00000070,2026-06-15 14:43:44,両面,0000000582_00000070_1.jpg,0000000582_00000070_2.jpg,ナルミ精密工業株式会社,技術開発部,チーフ,山岸,恵子,keiko.yamagishi@narumi.example.com,162-7176,兵庫県神戸市中央区旭町3-5-1,,090-9455-6076,022-3551-7216,,https://www.narumi.example.com/
00000071,2026-06-15 14:46:38,表面のみ,0000000582_00000071_1.jpg,,株式会社ニシキ環境,技術開発部,,津田,英治,eiji.tsuda@nishiki.example.jp,698-6750,広島県広島市中区本町1-16-10,中央ビル5F,090-5050-2792,022-6626-5038,,https://www.nishiki.example.jp/
00000072,2026-06-15 14:52:54,表面のみ,0000000582_00000072_1.jpg,,ヌマタ鋼業株式会社,製造部,担当,白石,大輔,daisuke.shiraishi@numata.example.jp,196-6760,香川県高松市緑が丘5-2-15,パークビル9F,,03-6209-8018,,https://www.numata.example.jp/
00000073,2026-06-15 14:53:44,表面のみ,0000000582_00000073_1.jpg,,株式会社ネイロ通信ホールディングス,品質保証部,エンジニア,浅倉,大輔,daisuke.asakura@neiro.example.com,534-4593,福岡県福岡市博多区港南3-8-3,,090-4713-6583,06-1578-8985,06-1578-2274,
00000074,2026-06-15 14:54:57,両面,0000000582_00000074_1.jpg,0000000582_00000074_2.jpg,ノザワ電機工業株式会社,総務部,エンジニア,和田,一樹,kazuki.wada@nozawa.example.jp,380-7057,熊本県熊本市中央区白金台町3-9-9,サンライズビル12F,080-6704-6868,06-2524-1041,,https://www.nozawa.example.jp/
00000075,2026-06-15 14:54:57,両面,0000000582_00000075_1.jpg,0000000582_00000075_2.jpg,株式会社ハクバ印刷,営業部,担当,青木,文哉,fumiya.aoki@hakuba.example.com,572-9172,北海道札幌市中央区扇町1-17-3,グリーンビル2F,090-3883-3473,092-8828-7386,092-8828-5134,https://www.hakuba.example.com/
00000076,2026-06-15 15:07:38,両面,0000000582_00000076_1.jpg,0000000582_00000076_2.jpg,ヒノデ化成株式会社,営業企画部,,神田,敦子,atsuko.kanda@hinode.example.com,150-7804,宮城県仙台市青葉区曙町5-14-13,ステーションビル8F,,022-8339-2897,,https://www.hinode.example.com/
00000077,2026-06-15 15:14:20,両面,0000000582_00000077_1.jpg,0000000582_00000077_2.jpg,株式会社フタバ搬送ホールディングス,品質保証部,担当,澤村,秀樹,hideki.sawamura@futaba.example.jp,429-4709,埼玉県さいたま市大宮区若葉台3-5-2,パークビル5F,090-5115-6505,052-5570-2211,,https://www.futaba.example.jp/
00000078,2026-06-15 15:19:09,両面,0000000582_00000078_1.jpg,0000000582_00000078_2.jpg,ヘイセイ工機工業株式会社,生産技術部,課長,藤本,理沙,risa.fujimoto@heisei.example.jp,612-8348,千葉県千葉市美浜区桜堤3-15-3,,,03-5401-6623,,https://www.heisei.example.jp/
00000079,2026-06-15 15:20:23,表面のみ,0000000582_00000079_1.jpg,,株式会社ホシカワ製薬,品質保証部,担当,津田,裕也,yuya.tsuda@hoshikawa.example.com,914-7861,東京都千代田区新開町2-18-15,,080-9320-9185,082-7774-6950,,https://www.hoshikawa.example.com/
00000080,2026-06-15 15:27:54,両面,0000000582_00000080_1.jpg,0000000582_00000080_2.jpg,マツカゼ建材株式会社,経営企画部,,立花,清美,kiyomi.tachibana@matsukaze.example.jp,615-4461,東京都港区浜見平5-8-9,サンライズビル12F,070-8622-8327,092-9620-9343,,https://www.matsukaze.example.jp/
00000081,2026-06-15 15:29:26,両面,0000000582_00000081_1.jpg,0000000582_00000081_2.jpg,株式会社ミナモ水処理ホールディングス,品質保証部,エンジニア,青木,一樹,kazuki.aoki@minamo.example.com,166-8963,東京都江東区千歳町1-18-7,パークビル12F,,075-8475-9814,,https://www.minamo.example.com/
00000082,2026-06-15 15:40:35,両面,0000000582_00000082_1.jpg,0000000582_00000082_2.jpg,ムサシ計器工業株式会社,,担当,和田,義昭,yoshiaki.wada@musashi.example.com,950-5654,東京都大田区藤棚町3-8-1,サンライズビル4F,080-3281-7183,082-7001-4901,,
00000083,2026-06-15 15:46:40,両面,0000000582_00000083_1.jpg,0000000582_00000083_2.jpg,株式会社メグロ電業,品質保証部,課長,和田,英治,eiji.wada@meguro.example.com,798-4038,東京都八王子市楠木町3-19-11,,090-1292-4919,045-9172-5568,,https://www.meguro.example.com/
00000084,2026-06-15 15:47:44,表面のみ,0000000582_00000084_1.jpg,,モリノ製函株式会社,総務部,マネージャー,牧野,正義,masayoshi.makino@morino.example.com,797-7419,神奈川県横浜市西区汐入町5-20-7,リバーサイドビル9F,090-1406-9902,082-3864-4171,,https://www.morino.example.com/
00000085,2026-06-15 15:49:29,両面,0000000582_00000085_1.jpg,0000000582_00000085_2.jpg,株式会社ヤエス機材ホールディングス,経営企画部,担当,遠藤,真央,mao.endo@yaesu.example.jp,722-3220,神奈川県川崎市幸区柳原町5-6-3,ステーションビル2F,090-4024-1865,011-2912-3628,011-2912-3250,https://www.yaesu.example.jp/
00000086,2026-06-15 16:03:17,両面,0000000582_00000086_1.jpg,0000000582_00000086_2.jpg,ユウナギ商事工業株式会社,海外事業部,担当,西村,典子,noriko.nishimura@yunagi.example.jp,989-6177,新潟県新潟市中央区駒形町1-6-13,ベイビル12F,,022-6672-7503,,
00000087,2026-06-15 16:03:46,表面のみ,0000000582_00000087_1.jpg,,株式会社ヨツバ油圧,総務部,主任,澤村,慎一,shinichi.sawamura@yotsuba.example.jp,753-7813,長野県松本市栄町2-4-14,,,052-1024-8312,052-1024-1740,https://www.yotsuba.example.jp/
00000088,2026-06-15 16:07:40,表面のみ,0000000582_00000088_1.jpg,,ワカバ食品機械株式会社,DX推進室,主任,萩原,典子,noriko.hagiwara@wakaba.example.jp,954-5826,静岡県浜松市中区旭町1-6-15,中央ビル12F,070-9817-4016,045-6667-4154,045-6667-3588,https://www.wakaba.example.jp/
00000089,2026-06-15 16:12:41,両面,0000000582_00000089_1.jpg,0000000582_00000089_2.jpg,株式会社アカツキ溶接ホールディングス,営業企画部,課長,柏木,圭介,keisuke.kashiwagi@akatsuki.example.com,727-8815,愛知県名古屋市中村区本町2-12-6,,080-2228-7568,092-9596-6458,092-9596-9508,https://www.akatsuki.example.com/
00000090,2026-06-15 16:13:12,両面,0000000582_00000090_1.jpg,0000000582_00000090_2.jpg,イブキ断熱工業株式会社,DX推進室,代表取締役,久保田,翔子,shoko.kubota@ibuki.example.com,682-5419,愛知県豊田市緑が丘4-8-12,,080-2863-4467,082-4292-5327,082-4292-9932,https://www.ibuki.example.com/
00000091,2026-06-15 16:28:43,両面,0000000582_00000091_1.jpg,0000000582_00000091_2.jpg,株式会社カンナギ検査,品質保証部,課長,三浦,郁夫,ikuo.miura@kannagi.example.jp,989-6612,京都府京都市下京区港南4-9-5,,,075-3368-7106,,https://www.kannagi.example.jp/
00000092,2026-06-15 16:29:35,表面のみ,0000000582_00000092_1.jpg,,サワラギ自動機株式会社,総務部,エンジニア,坂上,千尋,chihiro.sakagami@sawaragi.example.jp,687-1967,大阪府大阪市北区白金台町5-3-3,,090-4941-1914,011-2015-2135,,https://www.sawaragi.example.jp/
00000093,2026-06-15 16:30:42,両面,0000000582_00000093_1.jpg,0000000582_00000093_2.jpg,株式会社タカミネ照明ホールディングス,DX推進室,担当,柏木,郁夫,ikuo.kashiwagi@takamine.example.com,215-9373,大阪府東大阪市扇町1-18-1,,,03-7214-7848,,https://www.takamine.example.com/
00000094,2026-06-15 16:34:16,両面,0000000582_00000094_1.jpg,0000000582_00000094_2.jpg,ハルカゼ農機工業株式会社,設備管理部,マネージャー,野口,恵子,keiko.noguchi@harukaze.example.com,760-8719,兵庫県神戸市中央区曙町4-19-6,,,011-9663-1249,011-9663-3090,https://www.harukaze.example.com/
00000095,2026-06-15 16:38:01,両面,0000000582_00000095_1.jpg,0000000582_00000095_2.jpg,株式会社フジミ光学,総務部,担当,津田,敦子,atsuko.tsuda@fujimi.example.com,529-9462,広島県広島市中区若葉台5-14-15,リバーサイドビル10F,080-8915-6428,052-7363-5687,052-7363-4149,https://www.fujimi.example.com/
00000096,2026-06-15 16:45:33,表面のみ,0000000582_00000096_1.jpg,,ミカヅキ精工株式会社,営業企画部,課長,中西,千尋,chihiro.nakanishi@mikazuki.example.com,248-7911,香川県高松市桜堤1-7-8,,,03-5250-7713,,https://www.mikazuki.example.com/
00000097,2026-06-15 16:50:57,両面,0000000582_00000097_1.jpg,0000000582_00000097_2.jpg,株式会社アオゾラ精機,情報システム部,課長,三浦,俊介,shunsuke.miura@aozora.example.com,842-9210,北海道札幌市中央区栄町1-6-11,,090-9681-9948,03-1100-1118,,https://www.aozora.example.com/
00000098,2026-06-15 16:53:04,表面のみ,0000000582_00000098_1.jpg,,イスズミ電装株式会社,DX推進室,担当,中西,大輔,daisuke.nakanishi@isuzumi.example.jp,499-8252,宮城県仙台市青葉区旭町1-19-14,パークビル5F,,092-9964-4478,092-9964-5622,https://www.isuzumi.example.jp/
00000099,2026-06-15 16:56:40,両面,0000000582_00000099_1.jpg,0000000582_00000099_2.jpg,株式会社ウチダ計装ホールディングス,技術開発部,部長,前田,翔平,shohei.maeda@uchida.example.jp,504-3006,埼玉県さいたま市大宮区本町1-11-2,,,052-4119-1573,,https://www.uchida.example.jp/
00000100,2026-06-15 16:58:06,両面,0000000582_00000100_1.jpg,0000000582_00000100_2.jpg,エイコウ機工工業株式会社,営業部,主任,井川,翔平,shohei.ikawa@eiko.example.jp,782-4817,千葉県千葉市美浜区緑が丘4-9-11,,080-3268-9124,045-2374-4158,045-2374-5598,
00000101,2026-06-15 17:07:21,表面のみ,0000000582_00000101_1.jpg,,株式会社オリベ産業,品質保証部,エンジニア,遠藤,亮太,ryota.endo@oribe.example.com,161-4131,東京都千代田区港南1-15-4,,,082-1897-3811,,https://www.oribe.example.com/
00000102,2026-06-15 17:12:08,両面,0000000582_00000102_1.jpg,0000000582_00000102_2.jpg,カケハシ技研株式会社,DX推進室,主任,野口,翔平,shohei.noguchi@kakehashi.example.jp,364-9663,東京都港区白金台町3-4-2,,080-6451-5846,052-5520-6876,,
00000103,2026-06-15 17:12:58,両面,0000000582_00000103_1.jpg,0000000582_00000103_2.jpg,株式会社キタホシ工業ホールディングス,設備管理部,,青木,秀樹,hideki.aoki@kitahoshi.example.com,289-8352,東京都江東区扇町4-13-8,グリーンビル11F,070-8507-4520,03-7815-3775,03-7815-1503,https://www.kitahoshi.example.com/
00000104,2026-06-15 17:14:24,両面,0000000582_00000104_1.jpg,0000000582_00000104_2.jpg,クレバス情報システム工業株式会社,情報システム部,,戸田,文哉,fumiya.toda@crevasse.example.com,504-3307,東京都大田区曙町4-18-1,,080-5913-9751,06-3619-1258,06-3619-6542,https://www.crevasse.example.com/
00000105,2026-06-15 17:24:37,両面,0000000582_00000105_1.jpg,0000000582_00000105_2.jpg,株式会社ケヤキ製作所,,チーフ,宮下,彰,akira.miyashita@keyaki.example.com,957-4340,東京都八王子市若葉台2-16-11,,080-3874-8069,011-5467-7227,011-5467-7658,https://www.keyaki.example.com/
00000106,2026-06-16 09:30:02,両面,0000000582_00000106_1.jpg,0000000582_00000106_2.jpg,コハク電子株式会社,総務部,担当,西村,大輔,daisuke.nishimura@kohaku.example.jp,337-1649,神奈川県横浜市西区桜堤5-7-12,サンライズビル3F,,045-4847-3498,,https://www.kohaku.example.jp/
00000107,2026-06-16 09:34:10,両面,0000000582_00000107_1.jpg,0000000582_00000107_2.jpg,株式会社サンリツ機械ホールディングス,情報システム部,部長,岩瀬,菜々美,nanami.iwase@sanritsu.example.com,135-8075,神奈川県川崎市幸区新開町2-12-5,,,082-5782-1521,,https://www.sanritsu.example.com/
00000108,2026-06-16 09:38:53,両面,0000000582_00000108_1.jpg,0000000582_00000108_2.jpg,シグマパーツ工業株式会社,営業企画部,担当,浅倉,健吾,kengo.asakura@sigma.example.jp,169-4622,新潟県新潟市中央区浜見平3-20-1,ベイビル7F,,022-1433-9443,022-1433-2343,https://www.sigma.example.jp/
00000109,2026-06-16 09:47:50,両面,0000000582_00000109_1.jpg,0000000582_00000109_2.jpg,株式会社スズカゼ空調,営業部,部長,細川,翔子,shoko.hosokawa@suzukaze.example.jp,626-9849,長野県松本市千歳町1-20-4,リバーサイドビル8F,,052-6181-5512,052-6181-6940,https://www.suzukaze.example.jp/
00000110,2026-06-16 09:54:41,両面,0000000582_00000110_1.jpg,0000000582_00000110_2.jpg,セイリュウ金属株式会社,営業部,チーフ,岩瀬,真央,mao.iwase@seiryu.example.com,353-9994,静岡県浜松市中区藤棚町5-2-2,,,045-7675-8965,,https://www.seiryu.example.com/
00000111,2026-06-16 09:55:09,両面,0000000582_00000111_1.jpg,0000000582_00000111_2.jpg,株式会社ソラチ設備ホールディングス,DX推進室,主任,柏木,秀樹,hideki.kashiwagi@sorachi.example.jp,326-6790,愛知県名古屋市中村区楠木町2-15-8,グリーンビル11F,080-6467-7785,052-4800-2365,,
00000112,2026-06-16 10:01:01,表面のみ,0000000582_00000112_1.jpg,,タチバナ樹脂工業株式会社,海外事業部,マネージャー,森田,秀樹,hideki.morita@tachibana.example.jp,447-6014,愛知県豊田市汐入町2-14-11,,080-5011-5623,03-3768-3225,,https://www.tachibana.example.jp/
00000113,2026-06-16 10:07:28,両面,0000000582_00000113_1.jpg,0000000582_00000113_2.jpg,株式会社ツバサ物流,情報システム部,部長,中西,典子,noriko.nakanishi@tsubasa.example.com,874-5129,京都府京都市下京区柳原町5-19-1,グリーンビル10F,,052-4463-2939,052-4463-9401,https://www.tsubasa.example.com/
00000114,2026-06-16 10:11:55,両面,0000000582_00000114_1.jpg,0000000582_00000114_2.jpg,テクノハヤセ株式会社,営業部,担当,大川,彰,akira.okawa@techno.example.com,113-5333,大阪府大阪市北区駒形町2-10-9,グリーンビル5F,080-1781-7679,092-6138-3447,,https://www.techno.example.com/
00000115,2026-06-16 10:19:47,表面のみ,0000000582_00000115_1.jpg,,株式会社トキワ計測ホールディングス,海外事業部,担当,小泉,翔子,shoko.koizumi@tokiwa.example.com,266-4810,大阪府東大阪市栄町3-13-10,,080-9806-2912,011-3833-6696,011-3833-9682,
00000116,2026-06-16 10:22:08,両面,0000000582_00000116_1.jpg,0000000582_00000116_2.jpg,ナルミ精密工業株式会社,DX推進室,担当,菅野,亮太,ryota.sugano@narumi.example.com,162-7176,兵庫県神戸市中央区旭町3-5-1,,,022-5657-6022,022-5657-2578,https://www.narumi.example.com/
00000117,2026-06-16 10:22:17,両面,0000000582_00000117_1.jpg,0000000582_00000117_2.jpg,株式会社ニシキ環境,,エンジニア,児玉,健吾,kengo.kodama@nishiki.example.jp,698-6750,広島県広島市中区本町1-16-10,中央ビル7F,070-2536-8587,022-5851-9176,022-5851-7400,
00000118,2026-06-16 10:22:47,表面のみ,0000000582_00000118_1.jpg,,ヌマタ鋼業株式会社,営業企画部,,中西,健吾,kengo.nakanishi@numata.example.jp,196-6760,香川県高松市緑が丘5-2-15,パークビル10F,,03-4692-9518,03-4692-5321,
00000119,2026-06-16 10:23:34,両面,0000000582_00000119_1.jpg,0000000582_00000119_2.jpg,株式会社ネイロ通信ホールディングス,第二営業部,,遠藤,香織,kaori.endo@neiro.example.com,534-4593,福岡県福岡市博多区港南3-8-3,,080-8265-4744,06-6404-3657,,https://www.neiro.example.com/
00000120,2026-06-16 10:25:15,両面,0000000582_00000120_1.jpg,0000000582_00000120_2.jpg,ノザワ電機工業株式会社,営業企画部,次長,牧野,裕也,yuya.makino@nozawa.example.jp,380-7057,熊本県熊本市中央区白金台町3-9-9,サンライズビル4F,070-8974-8019,06-5393-7133,,
00000121,2026-06-16 10:28:28,両面,0000000582_00000121_1.jpg,0000000582_00000121_2.jpg,株式会社ハクバ印刷,製造部,,川島,敦子,atsuko.kawashima@hakuba.example.com,572-9172,北海道札幌市中央区扇町1-17-3,グリーンビル5F,090-6914-1483,092-2670-8430,,
00000122,2026-06-16 10:29:37,両面,0000000582_00000122_1.jpg,0000000582_00000122_2.jpg,ヒノデ化成株式会社,営業企画部,担当,戸田,典子,noriko.toda@hinode.example.com,150-7804,宮城県仙台市青葉区曙町5-14-13,ステーションビル4F,080-5407-6327,022-9600-9391,,https://www.hinode.example.com/
00000123,2026-06-16 10:38:30,両面,0000000582_00000123_1.jpg,0000000582_00000123_2.jpg,株式会社フタバ搬送ホールディングス,技術開発部,主任,柏木,直樹,naoki.kashiwagi@futaba.example.jp,429-4709,埼玉県さいたま市大宮区若葉台3-5-2,パークビル7F,090-9215-5870,052-1747-6385,052-1747-3662,https://www.futaba.example.jp/
00000124,2026-06-16 10:39:51,両面,0000000582_00000124_1.jpg,0000000582_00000124_2.jpg,ヘイセイ工機工業株式会社,,課長,西村,文哉,fumiya.nishimura@heisei.example.jp,612-8348,千葉県千葉市美浜区桜堤3-15-3,,090-5212-8809,03-3496-6015,,
00000125,2026-06-16 10:42:00,両面,0000000582_00000125_1.jpg,0000000582_00000125_2.jpg,株式会社ホシカワ製薬,,マネージャー,和田,智子,tomoko.wada@hoshikawa.example.com,914-7861,東京都千代田区新開町2-18-15,,080-6163-5379,082-6698-8689,082-6698-4569,https://www.hoshikawa.example.com/
00000126,2026-06-16 10:43:51,両面,0000000582_00000126_1.jpg,0000000582_00000126_2.jpg,マツカゼ建材株式会社,情報システム部,主任,牧野,郁夫,ikuo.makino@matsukaze.example.jp,615-4461,東京都港区浜見平5-8-9,サンライズビル2F,,092-7162-9057,092-7162-7892,https://www.matsukaze.example.jp/
00000127,2026-06-16 10:45:17,表面のみ,0000000582_00000127_1.jpg,,株式会社ミナモ水処理ホールディングス,経営企画部,課長,斎木,優花,yuka.saiki@minamo.example.com,166-8963,東京都江東区千歳町1-18-7,パークビル8F,,075-6172-7440,,
00000128,2026-06-16 10:46:44,両面,0000000582_00000128_1.jpg,0000000582_00000128_2.jpg,ムサシ計器工業株式会社,営業部,主任,児玉,沙織,saori.kodama@musashi.example.com,950-5654,東京都大田区藤棚町3-8-1,サンライズビル2F,,082-6629-7165,082-6629-1096,
00000129,2026-06-16 11:04:42,表面のみ,0000000582_00000129_1.jpg,,株式会社メグロ電業,製造部,主任,斎木,文哉,fumiya.saiki@meguro.example.com,798-4038,東京都八王子市楠木町3-19-11,,,045-6570-7847,,
00000130,2026-06-16 11:05:06,両面,0000000582_00000130_1.jpg,0000000582_00000130_2.jpg,モリノ製函株式会社,DX推進室,担当,永井,翔平,shohei.nagai@morino.example.com,797-7419,神奈川県横浜市西区汐入町5-20-7,リバーサイドビル12F,,082-2820-6204,082-2820-2614,https://www.morino.example.com/
00000131,2026-06-16 11:06:27,表面のみ,0000000582_00000131_1.jpg,,株式会社ヤエス機材ホールディングス,,担当,片岡,清美,kiyomi.kataoka@yaesu.example.jp,722-3220,神奈川県川崎市幸区柳原町5-6-3,ステーションビル6F,,011-8488-5923,,https://www.yaesu.example.jp/
00000132,2026-06-16 11:09:47,両面,0000000582_00000132_1.jpg,0000000582_00000132_2.jpg,ユウナギ商事工業株式会社,,次長,相沢,智子,tomoko.aizawa@yunagi.example.jp,989-6177,新潟県新潟市中央区駒形町1-6-13,ベイビル7F,080-4192-9526,022-3472-7773,,https://www.yunagi.example.jp/
00000133,2026-06-16 11:11:15,両面,0000000582_00000133_1.jpg,0000000582_00000133_2.jpg,株式会社ヨツバ油圧,製造部,主任,野口,文哉,fumiya.noguchi@yotsuba.example.jp,753-7813,長野県松本市栄町2-4-14,,,052-6036-7793,052-6036-4302,https://www.yotsuba.example.jp/
00000134,2026-06-16 11:13:59,表面のみ,0000000582_00000134_1.jpg,,ワカバ食品機械株式会社,営業企画部,チーフ,小野寺,慎一,shinichi.onodera@wakaba.example.jp,954-5826,静岡県浜松市中区旭町1-6-15,中央ビル9F,,045-7203-7590,,https://www.wakaba.example.jp/
00000135,2026-06-16 11:19:36,両面,0000000582_00000135_1.jpg,0000000582_00000135_2.jpg,株式会社アカツキ溶接ホールディングス,情報システム部,担当,小野寺,裕也,yuya.onodera@akatsuki.example.com,727-8815,愛知県名古屋市中村区本町2-12-6,,080-7561-9162,092-1598-5355,,https://www.akatsuki.example.com/
00000136,2026-06-16 11:23:59,両面,0000000582_00000136_1.jpg,0000000582_00000136_2.jpg,イブキ断熱工業株式会社,第二営業部,,大川,文哉,fumiya.okawa@ibuki.example.com,682-5419,愛知県豊田市緑が丘4-8-12,,090-1451-6101,082-5255-6680,,
00000137,2026-06-16 11:25:33,両面,0000000582_00000137_1.jpg,0000000582_00000137_2.jpg,株式会社カンナギ検査,経営企画部,担当,立花,義昭,yoshiaki.tachibana@kannagi.example.jp,989-6612,京都府京都市下京区港南4-9-5,,070-4841-5139,075-3849-1530,,https://www.kannagi.example.jp/
00000138,2026-06-16 11:26:23,両面,0000000582_00000138_1.jpg,0000000582_00000138_2.jpg,サワラギ自動機株式会社,技術開発部,リーダー,長谷部,典子,noriko.hasebe@sawaragi.example.jp,687-1967,大阪府大阪市北区白金台町5-3-3,,090-9033-3264,011-7768-7546,,
00000139,2026-06-16 11:28:29,両面,0000000582_00000139_1.jpg,0000000582_00000139_2.jpg,株式会社タカミネ照明ホールディングス,営業企画部,係長,柴崎,亮太,ryota.shibasaki@takamine.example.com,215-9373,大阪府東大阪市扇町1-18-1,,080-8143-4853,03-5977-6279,03-5977-3641,https://www.takamine.example.com/
00000140,2026-06-16 11:33:02,表面のみ,0000000582_00000140_1.jpg,,ハルカゼ農機工業株式会社,海外事業部,リーダー,永井,英治,eiji.nagai@harukaze.example.com,760-8719,兵庫県神戸市中央区曙町4-19-6,,,011-1521-7057,011-1521-9958,https://www.harukaze.example.com/
00000141,2026-06-16 11:35:51,表面のみ,0000000582_00000141_1.jpg,,株式会社フジミ光学,設備管理部,チーフ,相沢,敦子,atsuko.aizawa@fujimi.example.com,529-9462,広島県広島市中区若葉台5-14-15,リバーサイドビル12F,,052-9079-6043,,https://www.fujimi.example.com/
00000142,2026-06-16 11:36:56,表面のみ,0000000582_00000142_1.jpg,,ミカヅキ精工株式会社,総務部,取締役,篠田,翔平,shohei.shinoda@mikazuki.example.com,248-7911,香川県高松市桜堤1-7-8,,090-4263-6324,03-4437-2840,03-4437-3809,https://www.mikazuki.example.com/
00000143,2026-06-16 11:40:50,両面,0000000582_00000143_1.jpg,0000000582_00000143_2.jpg,株式会社アオゾラ精機,総務部,マネージャー,大川,翔平,shohei.okawa@aozora.example.com,842-9210,北海道札幌市中央区栄町1-6-11,,070-2057-2519,03-9854-1862,,https://www.aozora.example.com/
00000144,2026-06-16 11:41:05,表面のみ,0000000582_00000144_1.jpg,,イスズミ電装株式会社,調達部,担当,藤本,智子,tomoko.fujimoto@isuzumi.example.jp,499-8252,宮城県仙台市青葉区旭町1-19-14,パークビル3F,,092-6168-4480,,https://www.isuzumi.example.jp/
00000145,2026-06-16 11:42:24,表面のみ,0000000582_00000145_1.jpg,,株式会社ウチダ計装ホールディングス,技術開発部,マネージャー,柏木,一樹,kazuki.kashiwagi@uchida.example.jp,504-3006,埼玉県さいたま市大宮区本町1-11-2,,,052-8313-4437,,https://www.uchida.example.jp/
00000146,2026-06-16 12:04:39,なし,,,,,,,,,,,,,,,
00000147,2026-06-16 12:05:49,両面,0000000582_00000147_1.jpg,0000000582_00000147_2.jpg,エイコウ機工工業株式会社,製造部,,小泉,一樹,kazuki.koizumi@eiko.example.jp,782-4817,千葉県千葉市美浜区緑が丘4-9-11,,090-4639-3966,045-4075-8078,045-4075-1078,https://www.eiko.example.jp/
00000148,2026-06-16 12:08:19,両面,0000000582_00000148_1.jpg,0000000582_00000148_2.jpg,株式会社オリベ産業,設備管理部,部長,菅野,千尋,chihiro.sugano@oribe.example.com,161-4131,東京都千代田区港南1-15-4,,,082-2750-1716,082-2750-1927,https://www.oribe.example.com/
00000149,2026-06-16 12:13:31,両面,0000000582_00000149_1.jpg,0000000582_00000149_2.jpg,カケハシ技研株式会社,,担当,澤村,哲也,tetsuya.sawamura@kakehashi.example.jp,364-9663,東京都港区白金台町3-4-2,,080-9243-6069,052-9028-8889,052-9028-2121,https://www.kakehashi.example.jp/
00000150,2026-06-16 12:20:38,表面のみ,0000000582_00000150_1.jpg,,株式会社キタホシ工業ホールディングス,営業企画部,主任,西村,香織,kaori.nishimura@kitahoshi.example.com,289-8352,東京都江東区扇町4-13-8,グリーンビル3F,080-1421-4198,03-2231-4296,03-2231-9955,
00000151,2026-06-16 12:25:00,両面,0000000582_00000151_1.jpg,0000000582_00000151_2.jpg,クレバス情報システム工業株式会社,海外事業部,担当,萩原,香織,kaori.hagiwara@crevasse.example.com,504-3307,東京都大田区曙町4-18-1,,090-1326-3003,06-3415-1183,,
00000152,2026-06-16 12:33:24,両面,0000000582_00000152_1.jpg,0000000582_00000152_2.jpg,株式会社ケヤキ製作所,技術開発部,係長,福島,翔子,shoko.fukushima@keyaki.example.com,957-4340,東京都八王子市若葉台2-16-11,,090-1148-6829,011-8664-2247,011-8664-9444,https://www.keyaki.example.com/
00000153,2026-06-16 12:35:04,両面,0000000582_00000153_1.jpg,0000000582_00000153_2.jpg,コハク電子株式会社,設備管理部,担当,和田,香織,kaori.wada@kohaku.example.jp,337-1649,神奈川県横浜市西区桜堤5-7-12,サンライズビル2F,,045-7596-6444,045-7596-7706,https://www.kohaku.example.jp/
00000154,2026-06-16 12:35:12,両面,0000000582_00000154_1.jpg,0000000582_00000154_2.jpg,株式会社サンリツ機械ホールディングス,製造部,次長,寺岡,美咲,misaki.teraoka@sanritsu.example.com,135-8075,神奈川県川崎市幸区新開町2-12-5,,070-2464-5438,082-5941-3230,,https://www.sanritsu.example.com/
00000155,2026-06-16 12:35:46,両面,0000000582_00000155_1.jpg,0000000582_00000155_2.jpg,シグマパーツ工業株式会社,設備管理部,チーフ,宮下,義昭,yoshiaki.miyashita@sigma.example.jp,169-4622,新潟県新潟市中央区浜見平3-20-1,ベイビル9F,,022-8762-9438,,https://www.sigma.example.jp/
00000156,2026-06-16 12:52:15,両面,0000000582_00000156_1.jpg,0000000582_00000156_2.jpg,株式会社スズカゼ空調,情報システム部,主任,岩瀬,優花,yuka.iwase@suzukaze.example.jp,626-9849,長野県松本市千歳町1-20-4,リバーサイドビル4F,090-8556-3259,052-6351-2750,052-6351-4531,https://www.suzukaze.example.jp/
00000157,2026-06-16 12:59:07,両面,0000000582_00000157_1.jpg,0000000582_00000157_2.jpg,セイリュウ金属株式会社,海外事業部,リーダー,山岸,義昭,yoshiaki.yamagishi@seiryu.example.com,353-9994,静岡県浜松市中区藤棚町5-2-2,,,045-6966-7721,045-6966-2737,
00000158,2026-06-16 13:07:00,表面のみ,0000000582_00000158_1.jpg,,株式会社ソラチ設備ホールディングス,総務部,リーダー,永井,哲也,tetsuya.nagai@sorachi.example.jp,326-6790,愛知県名古屋市中村区楠木町2-15-8,グリーンビル10F,080-4836-3391,052-8441-2722,,
00000159,2026-06-16 13:10:42,両面,0000000582_00000159_1.jpg,0000000582_00000159_2.jpg,タチバナ樹脂工業株式会社,経営企画部,マネージャー,山岸,慎一,shinichi.yamagishi@tachibana.example.jp,447-6014,愛知県豊田市汐入町2-14-11,,,03-1530-3243,,https://www.tachibana.example.jp/
00000160,2026-06-16 13:25:42,両面,0000000582_00000160_1.jpg,0000000582_00000160_2.jpg,株式会社ツバサ物流,,チーフ,北村,秀樹,hideki.kitamura@tsubasa.example.com,874-5129,京都府京都市下京区柳原町5-19-1,グリーンビル7F,090-3177-8741,052-3602-3386,052-3602-4512,https://www.tsubasa.example.com/
00000161,2026-06-16 13:26:20,なし,,,,,,,,,,,,,,,
00000162,2026-06-16 13:28:03,表面のみ,0000000582_00000162_1.jpg,,テクノハヤセ株式会社,調達部,代表取締役,篠田,敦子,atsuko.shinoda@techno.example.com,113-5333,大阪府大阪市北区駒形町2-10-9,グリーンビル8F,,092-6015-5178,,
00000163,2026-06-16 13:31:32,表面のみ,0000000582_00000163_1.jpg,,株式会社トキワ計測ホールディングス,営業部,課長,和田,彰,akira.wada@tokiwa.example.com,266-4810,大阪府東大阪市栄町3-13-10,,,011-6598-9770,,https://www.tokiwa.example.com/
00000164,2026-06-16 13:33:30,両面,0000000582_00000164_1.jpg,0000000582_00000164_2.jpg,ナルミ精密工業株式会社,総務部,担当,相沢,恵子,keiko.aizawa@narumi.example.com,162-7176,兵庫県神戸市中央区旭町3-5-1,,080-8500-6299,022-2441-3992,,https://www.narumi.example.com/
00000165,2026-06-16 13:40:46,両面,0000000582_00000165_1.jpg,0000000582_00000165_2.jpg,株式会社ニシキ環境,品質保証部,リーダー,柴崎,菜々美,nanami.shibasaki@nishiki.example.jp,698-6750,広島県広島市中区本町1-16-10,中央ビル5F,,022-5865-6420,,
00000166,2026-06-16 13:52:34,両面,0000000582_00000166_1.jpg,0000000582_00000166_2.jpg,ヌマタ鋼業株式会社,製造部,,山岸,美咲,misaki.yamagishi@numata.example.jp,196-6760,香川県高松市緑が丘5-2-15,パークビル8F,080-3793-2878,03-2904-7480,,
00000167,2026-06-16 13:53:02,両面,0000000582_00000167_1.jpg,0000000582_00000167_2.jpg,株式会社ネイロ通信ホールディングス,営業部,,長谷部,洋平,yohei.hasebe@neiro.example.com,534-4593,福岡県福岡市博多区港南3-8-3,,070-2204-3148,06-6894-1797,06-6894-6992,https://www.neiro.example.com/
00000168,2026-06-16 13:59:30,両面,0000000582_00000168_1.jpg,0000000582_00000168_2.jpg,ノザワ電機工業株式会社,設備管理部,,上田,哲也,tetsuya.ueda@nozawa.example.jp,380-7057,熊本県熊本市中央区白金台町3-9-9,サンライズビル10F,,06-5302-5024,,
00000169,2026-06-16 14:02:05,表面のみ,0000000582_00000169_1.jpg,,株式会社ハクバ印刷,設備管理部,チーフ,神田,菜々美,nanami.kanda@hakuba.example.com,572-9172,北海道札幌市中央区扇町1-17-3,グリーンビル2F,080-2865-9699,092-7731-3103,092-7731-3131,https://www.hakuba.example.com/
00000170,2026-06-16 14:03:21,表面のみ,0000000582_00000170_1.jpg,,ヒノデ化成株式会社,営業部,部長,西村,圭介,keisuke.nishimura@hinode.example.com,150-7804,宮城県仙台市青葉区曙町5-14-13,ステーションビル7F,,022-7380-3747,,
00000171,2026-06-16 14:05:56,表面のみ,0000000582_00000171_1.jpg,,株式会社フタバ搬送ホールディングス,海外事業部,主任,児玉,文哉,fumiya.kodama@futaba.example.jp,429-4709,埼玉県さいたま市大宮区若葉台3-5-2,パークビル10F,080-1970-4368,052-9191-1310,,https://www.futaba.example.jp/
00000172,2026-06-16 14:07:25,表面のみ,0000000582_00000172_1.jpg,,ヘイセイ工機工業株式会社,調達部,チーフ,戸田,和奏,wakana.toda@heisei.example.jp,612-8348,千葉県千葉市美浜区桜堤3-15-3,,,03-4884-7565,,https://www.heisei.example.jp/
00000173,2026-06-16 14:17:41,両面,0000000582_00000173_1.jpg,0000000582_00000173_2.jpg,株式会社ホシカワ製薬,設備管理部,エンジニア,成瀬,翔平,shohei.naruse@hoshikawa.example.com,914-7861,東京都千代田区新開町2-18-15,,090-1109-2897,082-6831-3287,,https://www.hoshikawa.example.com/
00000174,2026-06-16 14:19:49,両面,0000000582_00000174_1.jpg,0000000582_00000174_2.jpg,マツカゼ建材株式会社,海外事業部,エンジニア,津田,恵子,keiko.tsuda@matsukaze.example.jp,615-4461,東京都港区浜見平5-8-9,サンライズビル3F,,092-6651-6916,092-6651-8535,
00000175,2026-06-16 14:25:06,両面,0000000582_00000175_1.jpg,0000000582_00000175_2.jpg,株式会社ミナモ水処理ホールディングス,経営企画部,リーダー,菅野,洋平,yohei.sugano@minamo.example.com,166-8963,東京都江東区千歳町1-18-7,パークビル12F,,075-2852-1964,075-2852-1457,https://www.minamo.example.com/
00000176,2026-06-16 14:29:31,表面のみ,0000000582_00000176_1.jpg,,ムサシ計器工業株式会社,DX推進室,係長,児玉,一樹,kazuki.kodama@musashi.example.com,950-5654,東京都大田区藤棚町3-8-1,サンライズビル11F,,082-4303-8524,,https://www.musashi.example.com/
00000177,2026-06-16 14:30:32,両面,0000000582_00000177_1.jpg,0000000582_00000177_2.jpg,株式会社メグロ電業,品質保証部,課長,和田,千尋,chihiro.wada@meguro.example.com,798-4038,東京都八王子市楠木町3-19-11,,,045-3498-5269,045-3498-4438,https://www.meguro.example.com/
00000178,2026-06-16 14:38:05,両面,0000000582_00000178_1.jpg,0000000582_00000178_2.jpg,モリノ製函株式会社,技術開発部,リーダー,藤本,香織,kaori.fujimoto@morino.example.com,797-7419,神奈川県横浜市西区汐入町5-20-7,リバーサイドビル4F,070-7523-2611,082-9760-9441,,https://www.morino.example.com/
00000179,2026-06-16 14:38:37,表面のみ,0000000582_00000179_1.jpg,,株式会社ヤエス機材ホールディングス,調達部,担当,片岡,英治,eiji.kataoka@yaesu.example.jp,722-3220,神奈川県川崎市幸区柳原町5-6-3,ステーションビル12F,080-4292-5338,011-6948-1794,011-6948-9628,
00000180,2026-06-16 14:39:50,両面,0000000582_00000180_1.jpg,0000000582_00000180_2.jpg,ユウナギ商事工業株式会社,設備管理部,取締役,瀬川,健吾,kengo.segawa@yunagi.example.jp,989-6177,新潟県新潟市中央区駒形町1-6-13,ベイビル9F,090-4522-7485,022-5236-8180,,https://www.yunagi.example.jp/
00000181,2026-06-16 14:40:20,表面のみ,0000000582_00000181_1.jpg,,株式会社ヨツバ油圧,生産技術部,次長,長谷部,真央,mao.hasebe@yotsuba.example.jp,753-7813,長野県松本市栄町2-4-14,,070-1150-1720,052-3178-6412,,
00000182,2026-06-16 14:44:27,表面のみ,0000000582_00000182_1.jpg,,ワカバ食品機械株式会社,経営企画部,取締役,福島,敦子,atsuko.fukushima@wakaba.example.jp,954-5826,静岡県浜松市中区旭町1-6-15,中央ビル2F,070-5375-9367,045-7016-9844,045-7016-7880,
00000183,2026-06-16 14:44:52,両面,0000000582_00000183_1.jpg,0000000582_00000183_2.jpg,株式会社アカツキ溶接ホールディングス,海外事業部,担当,平野,敦子,atsuko.hirano@akatsuki.example.com,727-8815,愛知県名古屋市中村区本町2-12-6,,070-6362-1265,092-6590-3380,092-6590-7591,https://www.akatsuki.example.com/
00000184,2026-06-16 14:50:31,両面,0000000582_00000184_1.jpg,0000000582_00000184_2.jpg,イブキ断熱工業株式会社,海外事業部,担当,岩瀬,敦子,atsuko.iwase@ibuki.example.com,682-5419,愛知県豊田市緑が丘4-8-12,,070-4081-3339,082-6663-1808,,https://www.ibuki.example.com/
00000185,2026-06-16 14:57:19,両面,0000000582_00000185_1.jpg,0000000582_00000185_2.jpg,株式会社カンナギ検査,総務部,マネージャー,竹内,一樹,kazuki.takeuchi@kannagi.example.jp,989-6612,京都府京都市下京区港南4-9-5,,080-6849-1459,075-4754-5124,,https://www.kannagi.example.jp/
00000186,2026-06-16 15:05:00,両面,0000000582_00000186_1.jpg,0000000582_00000186_2.jpg,サワラギ自動機株式会社,生産技術部,主任,坂上,秀樹,hideki.sakagami@sawaragi.example.jp,687-1967,大阪府大阪市北区白金台町5-3-3,,,011-5325-8360,011-5325-2116,https://www.sawaragi.example.jp/
00000187,2026-06-16 15:09:12,両面,0000000582_00000187_1.jpg,0000000582_00000187_2.jpg,株式会社タカミネ照明ホールディングス,営業企画部,,村上,義昭,yoshiaki.murakami@takamine.example.com,215-9373,大阪府東大阪市扇町1-18-1,,080-3973-5935,03-5322-7307,,https://www.takamine.example.com/
00000188,2026-06-16 15:11:44,表面のみ,0000000582_00000188_1.jpg,,ハルカゼ農機工業株式会社,調達部,係長,宮下,洋平,yohei.miyashita@harukaze.example.com,760-8719,兵庫県神戸市中央区曙町4-19-6,,080-8613-4096,011-7831-8831,,https://www.harukaze.example.com/
00000189,2026-06-16 15:21:26,両面,0000000582_00000189_1.jpg,0000000582_00000189_2.jpg,株式会社フジミ光学,技術開発部,マネージャー,澤村,智子,tomoko.sawamura@fujimi.example.com,529-9462,広島県広島市中区若葉台5-14-15,リバーサイドビル11F,,052-9184-2203,,https://www.fujimi.example.com/
00000190,2026-06-16 15:23:30,両面,0000000582_00000190_1.jpg,0000000582_00000190_2.jpg,ミカヅキ精工株式会社,海外事業部,,前田,和奏,wakana.maeda@mikazuki.example.com,248-7911,香川県高松市桜堤1-7-8,,070-9922-2700,03-5220-2314,,
00000191,2026-06-16 15:27:57,表面のみ,0000000582_00000191_1.jpg,,株式会社アオゾラ精機,製造部,担当,片岡,真央,mao.kataoka@aozora.example.com,842-9210,北海道札幌市中央区栄町1-6-11,,,03-2060-9693,,https://www.aozora.example.com/
00000192,2026-06-16 15:28:23,表面のみ,0000000582_00000192_1.jpg,,イスズミ電装株式会社,技術開発部,,矢野,彰,akira.yano@isuzumi.example.jp,499-8252,宮城県仙台市青葉区旭町1-19-14,パークビル7F,080-5630-1340,092-1541-9708,,https://www.isuzumi.example.jp/
00000193,2026-06-16 15:30:13,表面のみ,0000000582_00000193_1.jpg,,株式会社ウチダ計装ホールディングス,海外事業部,マネージャー,和田,裕也,yuya.wada@uchida.example.jp,504-3006,埼玉県さいたま市大宮区本町1-11-2,,,052-4075-7431,,https://www.uchida.example.jp/
00000194,2026-06-16 15:36:56,なし,,,,,,,,,,,,,,,
00000195,2026-06-16 15:44:24,両面,0000000582_00000195_1.jpg,0000000582_00000195_2.jpg,エイコウ機工工業株式会社,営業企画部,係長,野口,菜々美,nanami.noguchi@eiko.example.jp,782-4817,千葉県千葉市美浜区緑が丘4-9-11,,,045-9568-7438,,https://www.eiko.example.jp/
00000196,2026-06-16 15:45:18,両面,0000000582_00000196_1.jpg,0000000582_00000196_2.jpg,株式会社オリベ産業,調達部,,上田,優花,yuka.ueda@oribe.example.com,161-4131,東京都千代田区港南1-15-4,,,082-8057-9209,082-8057-9056,https://www.oribe.example.com/
00000197,2026-06-16 15:51:35,両面,0000000582_00000197_1.jpg,0000000582_00000197_2.jpg,カケハシ技研株式会社,総務部,チーフ,青木,敦子,atsuko.aoki@kakehashi.example.jp,364-9663,東京都港区白金台町3-4-2,,,052-6609-3514,052-6609-4101,
00000198,2026-06-16 15:52:04,表面のみ,0000000582_00000198_1.jpg,,株式会社キタホシ工業ホールディングス,品質保証部,担当,岡部,千尋,chihiro.okabe@kitahoshi.example.com,289-8352,東京都江東区扇町4-13-8,グリーンビル12F,080-5521-8226,03-3118-8969,03-3118-1951,
00000199,2026-06-16 15:53:03,表面のみ,0000000582_00000199_1.jpg,,クレバス情報システム工業株式会社,情報システム部,リーダー,津田,理沙,risa.tsuda@crevasse.example.com,504-3307,東京都大田区曙町4-18-1,,,06-3678-7458,,https://www.crevasse.example.com/
00000200,2026-06-16 16:09:46,両面,0000000582_00000200_1.jpg,0000000582_00000200_2.jpg,株式会社ケヤキ製作所,,エンジニア,石橋,秀樹,hideki.ishibashi@keyaki.example.com,957-4340,東京都八王子市若葉台2-16-11,,070-2847-2845,011-9980-2920,,https://www.keyaki.example.com/
00000201,2026-06-16 16:23:21,両面,0000000582_00000201_1.jpg,0000000582_00000201_2.jpg,コハク電子株式会社,,,野口,翔子,shoko.noguchi@kohaku.example.jp,337-1649,神奈川県横浜市西区桜堤5-7-12,サンライズビル9F,080-1258-5236,045-8069-4202,045-8069-9952,https://www.kohaku.example.jp/
00000202,2026-06-16 16:26:41,表面のみ,0000000582_00000202_1.jpg,,株式会社サンリツ機械ホールディングス,調達部,,矢野,正義,masayoshi.yano@sanritsu.example.com,135-8075,神奈川県川崎市幸区新開町2-12-5,,090-1059-6947,082-6744-4330,082-6744-9360,https://www.sanritsu.example.com/
00000203,2026-06-16 16:28:11,両面,0000000582_00000203_1.jpg,0000000582_00000203_2.jpg,シグマパーツ工業株式会社,,チーフ,菅野,和奏,wakana.sugano@sigma.example.jp,169-4622,新潟県新潟市中央区浜見平3-20-1,ベイビル6F,070-2288-5800,022-1719-3321,022-1719-9384,https://www.sigma.example.jp/
00000204,2026-06-16 16:35:33,両面,0000000582_00000204_1.jpg,0000000582_00000204_2.jpg,株式会社スズカゼ空調,DX推進室,チーフ,相沢,理沙,risa.aizawa@suzukaze.example.jp,626-9849,長野県松本市千歳町1-20-4,リバーサイドビル12F,090-8693-9881,052-5128-8773,052-5128-4191,https://www.suzukaze.example.jp/
00000205,2026-06-16 16:35:52,両面,0000000582_00000205_1.jpg,0000000582_00000205_2.jpg,セイリュウ金属株式会社,海外事業部,係長,柴崎,秀樹,hideki.shibasaki@seiryu.example.com,353-9994,静岡県浜松市中区藤棚町5-2-2,,080-5675-4908,045-3028-7543,,https://www.seiryu.example.com/
00000206,2026-06-16 16:41:13,両面,0000000582_00000206_1.jpg,0000000582_00000206_2.jpg,株式会社ソラチ設備ホールディングス,営業企画部,部長,牧野,優花,yuka.makino@sorachi.example.jp,326-6790,愛知県名古屋市中村区楠木町2-15-8,グリーンビル3F,070-4403-4934,052-2046-2472,052-2046-8449,https://www.sorachi.example.jp/
00000207,2026-06-16 16:47:35,両面,0000000582_00000207_1.jpg,0000000582_00000207_2.jpg,タチバナ樹脂工業株式会社,営業部,担当,成瀬,翔子,shoko.naruse@tachibana.example.jp,447-6014,愛知県豊田市汐入町2-14-11,,090-5816-4623,03-5468-7052,03-5468-5721,https://www.tachibana.example.jp/
00000208,2026-06-16 16:47:49,両面,0000000582_00000208_1.jpg,0000000582_00000208_2.jpg,株式会社ツバサ物流,営業企画部,担当,上田,清美,kiyomi.ueda@tsubasa.example.com,874-5129,京都府京都市下京区柳原町5-19-1,グリーンビル8F,090-8311-5068,052-8110-1516,052-8110-8282,https://www.tsubasa.example.com/
00000209,2026-06-16 16:56:38,両面,0000000582_00000209_1.jpg,0000000582_00000209_2.jpg,テクノハヤセ株式会社,DX推進室,担当,児玉,秀樹,hideki.kodama@techno.example.com,113-5333,大阪府大阪市北区駒形町2-10-9,グリーンビル12F,080-3158-5152,092-8410-9670,092-8410-2695,https://www.techno.example.com/
00000210,2026-06-16 16:56:55,なし,,,,,,,,,,,,,,,
00000211,2026-06-16 16:59:23,両面,0000000582_00000211_1.jpg,0000000582_00000211_2.jpg,株式会社トキワ計測ホールディングス,調達部,,斎木,直樹,naoki.saiki@tokiwa.example.com,266-4810,大阪府東大阪市栄町3-13-10,,090-3463-9911,011-6518-9226,,https://www.tokiwa.example.com/
00000212,2026-06-16 17:00:36,なし,,,,,,,,,,,,,,,
00000213,2026-06-16 17:02:16,両面,0000000582_00000213_1.jpg,0000000582_00000213_2.jpg,ナルミ精密工業株式会社,製造部,係長,栗原,秀樹,hideki.kurihara@narumi.example.com,162-7176,兵庫県神戸市中央区旭町3-5-1,,080-4462-7615,022-6950-3982,,https://www.narumi.example.com/
00000214,2026-06-16 17:02:52,両面,0000000582_00000214_1.jpg,0000000582_00000214_2.jpg,株式会社ニシキ環境,DX推進室,主任,坂上,英治,eiji.sakagami@nishiki.example.jp,698-6750,広島県広島市中区本町1-16-10,中央ビル3F,090-1145-9107,022-3053-8036,022-3053-5495,https://www.nishiki.example.jp/
00000215,2026-06-16 17:04:44,両面,0000000582_00000215_1.jpg,0000000582_00000215_2.jpg,ヌマタ鋼業株式会社,品質保証部,,森田,正義,masayoshi.morita@numata.example.jp,196-6760,香川県高松市緑が丘5-2-15,パークビル10F,,03-7127-2641,03-7127-3636,https://www.numata.example.jp/
00000216,2026-06-16 17:06:45,両面,0000000582_00000216_1.jpg,0000000582_00000216_2.jpg,株式会社ネイロ通信ホールディングス,営業部,主任,和田,恵子,keiko.wada@neiro.example.com,534-4593,福岡県福岡市博多区港南3-8-3,,080-9512-8313,06-6961-2977,,https://www.neiro.example.com/
00000217,2026-06-16 17:08:32,両面,0000000582_00000217_1.jpg,0000000582_00000217_2.jpg,ノザワ電機工業株式会社,,,柏木,洋平,yohei.kashiwagi@nozawa.example.jp,380-7057,熊本県熊本市中央区白金台町3-9-9,サンライズビル6F,,06-7168-2017,,https://www.nozawa.example.jp/
00000218,2026-06-16 17:09:10,両面,0000000582_00000218_1.jpg,0000000582_00000218_2.jpg,株式会社ハクバ印刷,技術開発部,エンジニア,久保田,義昭,yoshiaki.kubota@hakuba.example.com,572-9172,北海道札幌市中央区扇町1-17-3,グリーンビル8F,,092-4526-6076,,https://www.hakuba.example.com/
00000219,2026-06-16 17:10:08,両面,0000000582_00000219_1.jpg,0000000582_00000219_2.jpg,ヒノデ化成株式会社,営業企画部,,萩原,千尋,chihiro.hagiwara@hinode.example.com,150-7804,宮城県仙台市青葉区曙町5-14-13,ステーションビル5F,,022-7134-8238,,https://www.hinode.example.com/
00000220,2026-06-16 17:14:36,表面のみ,0000000582_00000220_1.jpg,,株式会社フタバ搬送ホールディングス,営業企画部,,瀬川,秀樹,hideki.segawa@futaba.example.jp,429-4709,埼玉県さいたま市大宮区若葉台3-5-2,パークビル8F,070-7614-4474,052-4243-6602,,https://www.futaba.example.jp/
00000221,2026-06-16 17:15:09,両面,0000000582_00000221_1.jpg,0000000582_00000221_2.jpg,ヘイセイ工機工業株式会社,営業部,チーフ,大川,菜々美,nanami.okawa@heisei.example.jp,612-8348,千葉県千葉市美浜区桜堤3-15-3,,080-1775-1941,03-7087-7628,,https://www.heisei.example.jp/
00000222,2026-06-16 17:16:59,両面,0000000582_00000222_1.jpg,0000000582_00000222_2.jpg,株式会社ホシカワ製薬,品質保証部,マネージャー,村上,翔平,shohei.murakami@hoshikawa.example.com,914-7861,東京都千代田区新開町2-18-15,,,082-9985-8155,082-9985-8954,https://www.hoshikawa.example.com/
00000223,2026-06-16 17:17:16,両面,0000000582_00000223_1.jpg,0000000582_00000223_2.jpg,マツカゼ建材株式会社,技術開発部,担当,岡部,和奏,wakana.okabe@matsukaze.example.jp,615-4461,東京都港区浜見平5-8-9,サンライズビル8F,070-5883-6631,092-6838-1177,,https://www.matsukaze.example.jp/
00000224,2026-06-16 17:17:36,なし,,,,,,,,,,,,,,,
00000225,2026-06-16 17:24:31,両面,0000000582_00000225_1.jpg,0000000582_00000225_2.jpg,株式会社ミナモ水処理ホールディングス,営業部,課長,矢野,郁夫,ikuo.yano@minamo.example.com,166-8963,東京都江東区千歳町1-18-7,パークビル8F,,075-9598-9874,075-9598-1700,
00000226,2026-06-16 17:27:10,両面,0000000582_00000226_1.jpg,0000000582_00000226_2.jpg,ムサシ計器工業株式会社,DX推進室,,児玉,理沙,risa.kodama@musashi.example.com,950-5654,東京都大田区藤棚町3-8-1,サンライズビル9F,070-5671-4500,082-9480-4441,082-9480-8430,https://www.musashi.example.com/
00000227,2026-06-17 09:32:10,両面,0000000582_00000227_1.jpg,0000000582_00000227_2.jpg,株式会社メグロ電業,,チーフ,矢野,香織,kaori.yano@meguro.example.com,798-4038,東京都八王子市楠木町3-19-11,,,045-5007-2908,045-5007-4519,https://www.meguro.example.com/
00000228,2026-06-17 09:38:02,両面,0000000582_00000228_1.jpg,0000000582_00000228_2.jpg,モリノ製函株式会社,,部長,村上,俊介,shunsuke.murakami@morino.example.com,797-7419,神奈川県横浜市西区汐入町5-20-7,リバーサイドビル10F,,082-3552-8414,,https://www.morino.example.com/
00000229,2026-06-17 09:41:55,表面のみ,0000000582_00000229_1.jpg,,株式会社ヤエス機材ホールディングス,営業企画部,主任,長谷部,俊介,shunsuke.hasebe@yaesu.example.jp,722-3220,神奈川県川崎市幸区柳原町5-6-3,ステーションビル10F,070-5791-6889,011-2363-2776,,https://www.yaesu.example.jp/
00000230,2026-06-17 09:46:23,表面のみ,0000000582_00000230_1.jpg,,ユウナギ商事工業株式会社,製造部,エンジニア,野口,敦子,atsuko.noguchi@yunagi.example.jp,989-6177,新潟県新潟市中央区駒形町1-6-13,ベイビル2F,,022-7597-9842,022-7597-2622,
00000231,2026-06-17 09:58:04,両面,0000000582_00000231_1.jpg,0000000582_00000231_2.jpg,株式会社ヨツバ油圧,第二営業部,リーダー,川島,翔子,shoko.kawashima@yotsuba.example.jp,753-7813,長野県松本市栄町2-4-14,,080-9285-9995,052-9703-7046,,https://www.yotsuba.example.jp/
00000232,2026-06-17 10:03:03,表面のみ,0000000582_00000232_1.jpg,,ワカバ食品機械株式会社,生産技術部,主任,森田,彰,akira.morita@wakaba.example.jp,954-5826,静岡県浜松市中区旭町1-6-15,中央ビル4F,,045-8762-9571,,https://www.wakaba.example.jp/
00000233,2026-06-17 10:13:57,なし,,,,,,,,,,,,,,,
00000234,2026-06-17 10:18:28,なし,,,,,,,,,,,,,,,
00000235,2026-06-17 10:29:20,表面のみ,0000000582_00000235_1.jpg,,株式会社アカツキ溶接ホールディングス,,主任,小泉,哲也,tetsuya.koizumi@akatsuki.example.com,727-8815,愛知県名古屋市中村区本町2-12-6,,090-2951-3346,092-9435-7855,,https://www.akatsuki.example.com/
00000236,2026-06-17 10:39:16,表面のみ,0000000582_00000236_1.jpg,,イブキ断熱工業株式会社,営業部,チーフ,西村,敦子,atsuko.nishimura@ibuki.example.com,682-5419,愛知県豊田市緑が丘4-8-12,,080-8325-5530,082-6058-2530,,https://www.ibuki.example.com/
00000237,2026-06-17 10:44:44,表面のみ,0000000582_00000237_1.jpg,,株式会社カンナギ検査,,主任,細川,裕子,hiroko.hosokawa@kannagi.example.jp,989-6612,京都府京都市下京区港南4-9-5,,,075-6744-4797,,
00000238,2026-06-17 10:47:58,なし,,,,,,,,,,,,,,,
00000239,2026-06-17 10:51:46,両面,0000000582_00000239_1.jpg,0000000582_00000239_2.jpg,サワラギ自動機株式会社,経営企画部,係長,萩原,清美,kiyomi.hagiwara@sawaragi.example.jp,687-1967,大阪府大阪市北区白金台町5-3-3,,,011-1048-8065,,https://www.sawaragi.example.jp/
00000240,2026-06-17 10:52:21,両面,0000000582_00000240_1.jpg,0000000582_00000240_2.jpg,株式会社タカミネ照明ホールディングス,調達部,主任,山岸,理沙,risa.yamagishi@takamine.example.com,215-9373,大阪府東大阪市扇町1-18-1,,070-2658-5174,03-4398-3707,,https://www.takamine.example.com/
00000241,2026-06-17 10:53:11,なし,,,,,,,,,,,,,,,
00000242,2026-06-17 10:55:59,両面,0000000582_00000242_1.jpg,0000000582_00000242_2.jpg,ハルカゼ農機工業株式会社,海外事業部,課長,野口,裕也,yuya.noguchi@harukaze.example.com,760-8719,兵庫県神戸市中央区曙町4-19-6,,070-5890-1805,011-4138-7620,,
00000243,2026-06-17 10:57:45,両面,0000000582_00000243_1.jpg,0000000582_00000243_2.jpg,株式会社フジミ光学,営業企画部,チーフ,遠藤,一樹,kazuki.endo@fujimi.example.com,529-9462,広島県広島市中区若葉台5-14-15,リバーサイドビル4F,090-5998-3088,052-5113-5967,,
00000244,2026-06-17 10:59:19,両面,0000000582_00000244_1.jpg,0000000582_00000244_2.jpg,ミカヅキ精工株式会社,設備管理部,担当,瀬川,清美,kiyomi.segawa@mikazuki.example.com,248-7911,香川県高松市桜堤1-7-8,,070-3545-5938,03-7861-1069,,https://www.mikazuki.example.com/
00000245,2026-06-17 11:01:50,両面,0000000582_00000245_1.jpg,0000000582_00000245_2.jpg,株式会社アオゾラ精機,品質保証部,リーダー,児玉,千尋,chihiro.kodama@aozora.example.com,842-9210,北海道札幌市中央区栄町1-6-11,,090-8630-2672,03-8836-7332,03-8836-6920,
00000246,2026-06-17 11:04:28,表面のみ,0000000582_00000246_1.jpg,,イスズミ電装株式会社,生産技術部,担当,児玉,典子,noriko.kodama@isuzumi.example.jp,499-8252,宮城県仙台市青葉区旭町1-19-14,パークビル3F,090-4137-3472,092-2824-2863,,https://www.isuzumi.example.jp/
00000247,2026-06-17 11:11:34,表面のみ,0000000582_00000247_1.jpg,,株式会社ウチダ計装ホールディングス,技術開発部,エンジニア,相沢,一樹,kazuki.aizawa@uchida.example.jp,504-3006,埼玉県さいたま市大宮区本町1-11-2,,080-9059-6785,052-1394-5164,,
00000248,2026-06-17 11:16:43,両面,0000000582_00000248_1.jpg,0000000582_00000248_2.jpg,エイコウ機工工業株式会社,DX推進室,,平野,文哉,fumiya.hirano@eiko.example.jp,782-4817,千葉県千葉市美浜区緑が丘4-9-11,,080-7064-3097,045-1431-5281,,https://www.eiko.example.jp/
00000249,2026-06-17 11:17:27,表面のみ,0000000582_00000249_1.jpg,,株式会社オリベ産業,設備管理部,,岩瀬,大輔,daisuke.iwase@oribe.example.com,161-4131,東京都千代田区港南1-15-4,,,082-6715-1814,082-6715-1683,
00000250,2026-06-17 11:34:13,両面,0000000582_00000250_1.jpg,0000000582_00000250_2.jpg,カケハシ技研株式会社,情報システム部,担当,柴崎,哲也,tetsuya.shibasaki@kakehashi.example.jp,364-9663,東京都港区白金台町3-4-2,,,052-1359-9255,,
00000251,2026-06-17 11:36:49,両面,0000000582_00000251_1.jpg,0000000582_00000251_2.jpg,株式会社キタホシ工業ホールディングス,営業部,取締役,竹内,大輔,daisuke.takeuchi@kitahoshi.example.com,289-8352,東京都江東区扇町4-13-8,グリーンビル5F,080-6476-3246,03-2326-8780,03-2326-3030,https://www.kitahoshi.example.com/
00000252,2026-06-17 11:38:30,なし,,,,,,,,,,,,,,,
00000253,2026-06-17 11:58:30,両面,0000000582_00000253_1.jpg,0000000582_00000253_2.jpg,クレバス情報システム工業株式会社,営業企画部,チーフ,北村,亮太,ryota.kitamura@crevasse.example.com,504-3307,東京都大田区曙町4-18-1,,090-7925-1489,06-5865-9836,,https://www.crevasse.example.com/
00000254,2026-06-17 12:10:25,表面のみ,0000000582_00000254_1.jpg,,株式会社ケヤキ製作所,製造部,,竹内,理沙,risa.takeuchi@keyaki.example.com,957-4340,東京都八王子市若葉台2-16-11,,070-1363-8390,011-7788-5914,011-7788-3881,
00000255,2026-06-17 12:25:04,両面,0000000582_00000255_1.jpg,0000000582_00000255_2.jpg,コハク電子株式会社,海外事業部,担当,坂上,大輔,daisuke.sakagami@kohaku.example.jp,337-1649,神奈川県横浜市西区桜堤5-7-12,サンライズビル4F,,045-3266-8884,,https://www.kohaku.example.jp/
00000256,2026-06-17 12:28:15,表面のみ,0000000582_00000256_1.jpg,,株式会社サンリツ機械ホールディングス,経営企画部,マネージャー,斎木,千尋,chihiro.saiki@sanritsu.example.com,135-8075,神奈川県川崎市幸区新開町2-12-5,,070-3584-5685,082-3810-4629,,https://www.sanritsu.example.com/
00000257,2026-06-17 12:34:40,表面のみ,0000000582_00000257_1.jpg,,シグマパーツ工業株式会社,,主任,遠藤,翔平,shohei.endo@sigma.example.jp,169-4622,新潟県新潟市中央区浜見平3-20-1,ベイビル9F,,022-4152-1488,022-4152-8675,https://www.sigma.example.jp/
00000258,2026-06-17 12:35:12,両面,0000000582_00000258_1.jpg,0000000582_00000258_2.jpg,株式会社スズカゼ空調,総務部,担当,菅野,沙織,saori.sugano@suzukaze.example.jp,626-9849,長野県松本市千歳町1-20-4,リバーサイドビル7F,090-8793-6844,052-2147-3047,052-2147-4050,
00000259,2026-06-17 12:37:51,両面,0000000582_00000259_1.jpg,0000000582_00000259_2.jpg,セイリュウ金属株式会社,技術開発部,,久保田,菜々美,nanami.kubota@seiryu.example.com,353-9994,静岡県浜松市中区藤棚町5-2-2,,080-4498-8233,045-9116-5184,045-9116-5503,https://www.seiryu.example.com/
00000260,2026-06-17 12:42:33,両面,0000000582_00000260_1.jpg,0000000582_00000260_2.jpg,株式会社ソラチ設備ホールディングス,営業部,チーフ,川島,文哉,fumiya.kawashima@sorachi.example.jp,326-6790,愛知県名古屋市中村区楠木町2-15-8,グリーンビル12F,,052-4145-4319,,
00000261,2026-06-17 12:57:35,両面,0000000582_00000261_1.jpg,0000000582_00000261_2.jpg,タチバナ樹脂工業株式会社,製造部,次長,神田,清美,kiyomi.kanda@tachibana.example.jp,447-6014,愛知県豊田市汐入町2-14-11,,070-9479-4628,03-9897-7805,,
00000262,2026-06-17 13:00:18,両面,0000000582_00000262_1.jpg,0000000582_00000262_2.jpg,株式会社ツバサ物流,DX推進室,エンジニア,神田,智子,tomoko.kanda@tsubasa.example.com,874-5129,京都府京都市下京区柳原町5-19-1,グリーンビル8F,070-8227-2679,052-5222-1484,,https://www.tsubasa.example.com/
00000263,2026-06-17 13:04:20,両面,0000000582_00000263_1.jpg,0000000582_00000263_2.jpg,テクノハヤセ株式会社,営業部,,片岡,健吾,kengo.kataoka@techno.example.com,113-5333,大阪府大阪市北区駒形町2-10-9,グリーンビル4F,080-3831-3192,092-6605-6970,,
00000264,2026-06-17 13:17:50,両面,0000000582_00000264_1.jpg,0000000582_00000264_2.jpg,株式会社トキワ計測ホールディングス,調達部,マネージャー,山岸,正義,masayoshi.yamagishi@tokiwa.example.com,266-4810,大阪府東大阪市栄町3-13-10,,,011-4846-4142,,https://www.tokiwa.example.com/
00000265,2026-06-17 13:25:40,両面,0000000582_00000265_1.jpg,0000000582_00000265_2.jpg,ナルミ精密工業株式会社,営業企画部,担当,北村,和奏,wakana.kitamura@narumi.example.com,162-7176,兵庫県神戸市中央区旭町3-5-1,,,022-1834-8450,,https://www.narumi.example.com/
00000266,2026-06-17 13:28:01,表面のみ,0000000582_00000266_1.jpg,,株式会社ニシキ環境,設備管理部,担当,藤本,典子,noriko.fujimoto@nishiki.example.jp,698-6750,広島県広島市中区本町1-16-10,中央ビル9F,,022-6602-6581,022-6602-3084,https://www.nishiki.example.jp/
00000267,2026-06-17 13:35:35,表面のみ,0000000582_00000267_1.jpg,,ヌマタ鋼業株式会社,営業部,,三浦,智子,tomoko.miura@numata.example.jp,196-6760,香川県高松市緑が丘5-2-15,パークビル11F,080-1668-9830,03-9497-8581,,https://www.numata.example.jp/
00000268,2026-06-17 14:00:02,表面のみ,0000000582_00000268_1.jpg,,株式会社ネイロ通信ホールディングス,設備管理部,,浅倉,俊介,shunsuke.asakura@neiro.example.com,534-4593,福岡県福岡市博多区港南3-8-3,,,06-6296-7839,,https://www.neiro.example.com/
00000269,2026-06-17 14:05:34,両面,0000000582_00000269_1.jpg,0000000582_00000269_2.jpg,ノザワ電機工業株式会社,,,川島,理沙,risa.kawashima@nozawa.example.jp,380-7057,熊本県熊本市中央区白金台町3-9-9,サンライズビル8F,090-5435-7140,06-7961-8683,06-7961-4735,https://www.nozawa.example.jp/
00000270,2026-06-17 14:19:05,両面,0000000582_00000270_1.jpg,0000000582_00000270_2.jpg,株式会社ハクバ印刷,営業部,,平野,翔平,shohei.hirano@hakuba.example.com,572-9172,北海道札幌市中央区扇町1-17-3,グリーンビル5F,070-3079-6355,092-7222-6118,,https://www.hakuba.example.com/
00000271,2026-06-17 14:20:52,表面のみ,0000000582_00000271_1.jpg,,ヒノデ化成株式会社,海外事業部,,白石,哲也,tetsuya.shiraishi@hinode.example.com,150-7804,宮城県仙台市青葉区曙町5-14-13,ステーションビル5F,070-3342-1763,022-6473-5857,022-6473-8936,https://www.hinode.example.com/
00000272,2026-06-17 14:29:18,両面,0000000582_00000272_1.jpg,0000000582_00000272_2.jpg,株式会社フタバ搬送ホールディングス,生産技術部,マネージャー,津田,拓海,takumi.tsuda@futaba.example.jp,429-4709,埼玉県さいたま市大宮区若葉台3-5-2,パークビル2F,070-8322-8691,052-9105-3243,052-9105-9106,
00000273,2026-06-17 14:31:14,表面のみ,0000000582_00000273_1.jpg,,ヘイセイ工機工業株式会社,品質保証部,,遠藤,大輔,daisuke.endo@heisei.example.jp,612-8348,千葉県千葉市美浜区桜堤3-15-3,,080-9115-5199,03-2804-6586,,
00000274,2026-06-17 14:36:10,両面,0000000582_00000274_1.jpg,0000000582_00000274_2.jpg,株式会社ホシカワ製薬,総務部,担当,澤村,敦子,atsuko.sawamura@hoshikawa.example.com,914-7861,東京都千代田区新開町2-18-15,,090-5194-8547,082-1920-6544,082-1920-7617,https://www.hoshikawa.example.com/
00000275,2026-06-17 14:39:25,両面,0000000582_00000275_1.jpg,0000000582_00000275_2.jpg,マツカゼ建材株式会社,,主任,小泉,郁夫,ikuo.koizumi@matsukaze.example.jp,615-4461,東京都港区浜見平5-8-9,サンライズビル4F,070-7010-5043,092-8817-5978,092-8817-6984,https://www.matsukaze.example.jp/
00000276,2026-06-17 14:53:17,表面のみ,0000000582_00000276_1.jpg,,株式会社ミナモ水処理ホールディングス,品質保証部,部長,細川,一樹,kazuki.hosokawa@minamo.example.com,166-8963,東京都江東区千歳町1-18-7,パークビル5F,070-5850-6325,075-6564-3688,075-6564-3537,https://www.minamo.example.com/
00000277,2026-06-17 15:04:27,両面,0000000582_00000277_1.jpg,0000000582_00000277_2.jpg,ムサシ計器工業株式会社,製造部,担当,中西,恵子,keiko.nakanishi@musashi.example.com,950-5654,東京都大田区藤棚町3-8-1,サンライズビル2F,090-1706-5530,082-8937-3841,,https://www.musashi.example.com/
00000278,2026-06-17 15:10:16,両面,0000000582_00000278_1.jpg,0000000582_00000278_2.jpg,株式会社メグロ電業,情報システム部,,矢野,亮太,ryota.yano@meguro.example.com,798-4038,東京都八王子市楠木町3-19-11,,070-9623-9538,045-6195-3728,,https://www.meguro.example.com/
00000279,2026-06-17 15:13:34,表面のみ,0000000582_00000279_1.jpg,,モリノ製函株式会社,第二営業部,課長,遠藤,英治,eiji.endo@morino.example.com,797-7419,神奈川県横浜市西区汐入町5-20-7,リバーサイドビル3F,080-2351-9992,082-1475-2139,082-1475-4020,https://www.morino.example.com/
00000280,2026-06-17 15:15:41,両面,0000000582_00000280_1.jpg,0000000582_00000280_2.jpg,株式会社ヤエス機材ホールディングス,DX推進室,課長,長谷部,恵子,keiko.hasebe@yaesu.example.jp,722-3220,神奈川県川崎市幸区柳原町5-6-3,ステーションビル7F,070-6906-6816,011-7553-4759,011-7553-5780,https://www.yaesu.example.jp/
00000281,2026-06-17 15:27:44,両面,0000000582_00000281_1.jpg,0000000582_00000281_2.jpg,ユウナギ商事工業株式会社,,,相沢,直樹,naoki.aizawa@yunagi.example.jp,989-6177,新潟県新潟市中央区駒形町1-6-13,ベイビル9F,070-9835-4989,022-9451-9881,,https://www.yunagi.example.jp/
00000282,2026-06-17 15:31:44,両面,0000000582_00000282_1.jpg,0000000582_00000282_2.jpg,株式会社ヨツバ油圧,総務部,主任,北村,一樹,kazuki.kitamura@yotsuba.example.jp,753-7813,長野県松本市栄町2-4-14,,090-9812-8136,052-4669-3640,,https://www.yotsuba.example.jp/
00000283,2026-06-17 15:39:34,表面のみ,0000000582_00000283_1.jpg,,ワカバ食品機械株式会社,総務部,部長,永井,文哉,fumiya.nagai@wakaba.example.jp,954-5826,静岡県浜松市中区旭町1-6-15,中央ビル5F,080-9170-9380,045-4881-7391,045-4881-3903,
00000284,2026-06-17 15:52:49,表面のみ,0000000582_00000284_1.jpg,,株式会社アカツキ溶接ホールディングス,経営企画部,リーダー,吉岡,文哉,fumiya.yoshioka@akatsuki.example.com,727-8815,愛知県名古屋市中村区本町2-12-6,,080-4413-5082,092-7755-7690,,https://www.akatsuki.example.com/
00000285,2026-06-17 16:02:08,両面,0000000582_00000285_1.jpg,0000000582_00000285_2.jpg,イブキ断熱工業株式会社,総務部,担当,篠田,亮太,ryota.shinoda@ibuki.example.com,682-5419,愛知県豊田市緑が丘4-8-12,,080-4081-3307,082-5141-3609,,
00000286,2026-06-17 16:02:21,表面のみ,0000000582_00000286_1.jpg,,株式会社カンナギ検査,営業企画部,リーダー,牧野,翔子,shoko.makino@kannagi.example.jp,989-6612,京都府京都市下京区港南4-9-5,,070-4269-5845,075-6155-2412,,https://www.kannagi.example.jp/
00000287,2026-06-17 16:08:34,両面,0000000582_00000287_1.jpg,0000000582_00000287_2.jpg,サワラギ自動機株式会社,調達部,担当,長谷部,裕子,hiroko.hasebe@sawaragi.example.jp,687-1967,大阪府大阪市北区白金台町5-3-3,,080-5060-8832,011-4093-1286,,https://www.sawaragi.example.jp/
00000288,2026-06-17 16:08:48,両面,0000000582_00000288_1.jpg,0000000582_00000288_2.jpg,株式会社タカミネ照明ホールディングス,総務部,担当,宮下,優花,yuka.miyashita@takamine.example.com,215-9373,大阪府東大阪市扇町1-18-1,,,03-6956-1303,,
00000289,2026-06-17 16:11:44,表面のみ,0000000582_00000289_1.jpg,,ハルカゼ農機工業株式会社,海外事業部,主任,相沢,菜々美,nanami.aizawa@harukaze.example.com,760-8719,兵庫県神戸市中央区曙町4-19-6,,,011-2053-3142,,https://www.harukaze.example.com/
00000290,2026-06-17 16:25:01,表面のみ,0000000582_00000290_1.jpg,,株式会社フジミ光学,,担当,相沢,拓海,takumi.aizawa@fujimi.example.com,529-9462,広島県広島市中区若葉台5-14-15,リバーサイドビル2F,070-2662-6137,052-2406-4578,052-2406-2671,
00000291,2026-06-17 16:31:19,両面,0000000582_00000291_1.jpg,0000000582_00000291_2.jpg,ミカヅキ精工株式会社,品質保証部,主任,川島,慎一,shinichi.kawashima@mikazuki.example.com,248-7911,香川県高松市桜堤1-7-8,,,03-8246-3221,,https://www.mikazuki.example.com/
00000292,2026-06-17 16:47:20,両面,0000000582_00000292_1.jpg,0000000582_00000292_2.jpg,株式会社アオゾラ精機,経営企画部,主任,三浦,洋平,yohei.miura@aozora.example.com,842-9210,北海道札幌市中央区栄町1-6-11,,080-1751-5597,03-6536-9949,,
00000293,2026-06-17 16:50:29,両面,0000000582_00000293_1.jpg,0000000582_00000293_2.jpg,イスズミ電装株式会社,製造部,主任,寺岡,大輔,daisuke.teraoka@isuzumi.example.jp,499-8252,宮城県仙台市青葉区旭町1-19-14,パークビル9F,,092-2252-8867,092-2252-9742,
00000294,2026-06-17 16:50:36,表面のみ,0000000582_00000294_1.jpg,,株式会社ウチダ計装ホールディングス,DX推進室,,浅倉,一樹,kazuki.asakura@uchida.example.jp,504-3006,埼玉県さいたま市大宮区本町1-11-2,,070-6825-5441,052-2509-6762,,
00000295,2026-06-17 16:56:45,両面,0000000582_00000295_1.jpg,0000000582_00000295_2.jpg,エイコウ機工工業株式会社,DX推進室,,浅倉,正義,masayoshi.asakura@eiko.example.jp,782-4817,千葉県千葉市美浜区緑が丘4-9-11,,,045-9280-1910,045-9280-7695,
00000296,2026-06-17 16:59:37,両面,0000000582_00000296_1.jpg,0000000582_00000296_2.jpg,株式会社オリベ産業,品質保証部,,萩原,菜々美,nanami.hagiwara@oribe.example.com,161-4131,東京都千代田区港南1-15-4,,090-2415-5830,082-3282-3538,,https://www.oribe.example.com/
00000297,2026-06-17 17:24:23,両面,0000000582_00000297_1.jpg,0000000582_00000297_2.jpg,カケハシ技研株式会社,情報システム部,,瀬川,英治,eiji.segawa@kakehashi.example.jp,364-9663,東京都港区白金台町3-4-2,,090-8329-3432,052-5896-9433,,https://www.kakehashi.example.jp/
00000298,2026-06-17 17:24:38,両面,0000000582_00000298_1.jpg,0000000582_00000298_2.jpg,株式会社キタホシ工業ホールディングス,情報システム部,部長,宮下,俊介,shunsuke.miyashita@kitahoshi.example.com,289-8352,東京都江東区扇町4-13-8,グリーンビル7F,070-7745-4431,03-5806-4296,03-5806-6681,https://www.kitahoshi.example.com/
00000299,2026-06-17 17:25:21,両面,0000000582_00000299_1.jpg,0000000582_00000299_2.jpg,クレバス情報システム工業株式会社,情報システム部,主任,西村,英治,eiji.nishimura@crevasse.example.com,504-3307,東京都大田区曙町4-18-1,,090-2379-7501,06-5321-4685,,https://www.crevasse.example.com/
00000300,2026-06-17 17:26:30,両面,0000000582_00000300_1.jpg,0000000582_00000300_2.jpg,株式会社ケヤキ製作所,経営企画部,担当,児玉,俊介,shunsuke.kodama@keyaki.example.com,957-4340,東京都八王子市若葉台2-16-11,,090-1048-6659,011-3199-2574,,https://www.keyaki.example.com/
