ID,名刺画像ファイル名（表）,名刺画像ファイル名（裏）,回答日時,Q1.弊社ブースにお立ち寄り頂いた目的をお選びください（複数選択可）,Q2.導入を予定されている時期をお選びください,Q3.導入のご検討にあたり重要視しているポイントをお知らせください［導入のコスト］,Q3.導入のご検討にあたり重要視しているポイントをお知らせください［維持管理のコスト］,Q3.導入のご検討にあたり重要視しているポイントをお知らせください［導入までのスピード］,Q3.導入のご検討にあたり重要視しているポイントをお知らせください［導入による業務効率化］,Q3.導入のご検討にあたり重要視しているポイントをお知らせください［他システムとの連携］,Q3.導入のご検討にあたり重要視しているポイントをお知らせください［アフターフォロー］,Q4.弊社からご案内する希望の情報をお選びください（複数選択可）,Q5.その他、ご意見・ご要望があれば、ご記入ください
00000001,0000000582_00000001_1.jpg,0000000582_00000001_2.jpg,2026-06-15 09:35:45,製品Aの導入を検討、情報収集,1年以内,非常に重要視している,重要視している,確認・比較はしている,重要視している,あまり重要としていない,確認・比較はしている,営業担当からの説明・ご提案,
00000002,0000000582_00000002_1.jpg,,2026-06-15 09:39:02,製品Cの導入を検討、その他,直ぐにでも,非常に重要視している,非常に重要視している,重要視している,重要視している,確認・比較はしている,あまり重要としていない,お見積り,会場が混んでいてゆっくり聞けなかったので、改めて訪問説明を希望します。
00000003,0000000582_00000003_1.jpg,,2026-06-15 09:41:30,製品Cの導入を検討、情報収集、その他,1年以内,重要視している,重要視している,重要視している,非常に重要視している,確認・比較はしている,確認・比較はしている,営業担当からの説明・ご提案,
00000004,0000000582_00000004_1.jpg,0000000582_00000004_2.jpg,2026-06-15 09:46:00,製品Aの導入を検討、製品Cの導入を検討,1年以内,確認・比較はしている,確認・比較はしている,非常に重要視している,非常に重要視している,重要視している,確認・比較はしている,お見積り、デモ・テスト導入,
00000005,0000000582_00000005_1.jpg,,2026-06-15 09:47:46,製品Bの導入を検討,検討中だが時期未定,重要視している,非常に重要視している,非常に重要視している,重要視している,非常に重要視している,確認・比較はしている,デモ・テスト導入,予算取りの参考にしたいので概算見積りをお願いします。
00000006,0000000582_00000006_1.jpg,0000000582_00000006_2.jpg,2026-06-15 09:58:15,製品Aの導入を検討,直ぐにでも,重要視している,重要視している,確認・比較はしている,確認・比較はしている,あまり重要としていない,重要視している,営業担当からの説明・ご提案,セミナーの開催予定があれば案内をお願いします。
00000007,0000000582_00000007_1.jpg,0000000582_00000007_2.jpg,2026-06-15 10:08:42,情報収集、その他,導入予定なし,あまり重要としていない,重要視している,非常に重要視している,確認・比較はしている,あまり重要としていない,重要視している,案内を希望しない,セミナーの開催予定があれば案内をお願いします。
00000008,0000000582_00000008_1.jpg,0000000582_00000008_2.jpg,2026-06-15 10:19:17,製品Aの導入を検討,検討中だが時期未定,あまり重要としていない,重要視している,非常に重要視している,重要視している,非常に重要視している,非常に重要視している,デモ・テスト導入,
00000009,0000000582_00000009_1.jpg,,2026-06-15 10:23:32,製品Aの導入を検討、製品Cの導入を検討,3か月以内,あまり重要としていない,確認・比較はしている,非常に重要視している,重要視している,非常に重要視している,非常に重要視している,デモ・テスト導入,セミナーの開催予定があれば案内をお願いします。
00000010,,,2026-06-15 10:26:22,製品Aの導入を検討、製品Cの導入を検討、情報収集、その他,3か月以内,非常に重要視している,重要視している,確認・比較はしている,重要視している,重要視している,重要視している,営業担当からの説明・ご提案,
00000011,0000000582_00000011_1.jpg,0000000582_00000011_2.jpg,2026-06-15 10:30:28,製品Bの導入を検討、製品Cの導入を検討、情報収集,1年以内,あまり重要としていない,非常に重要視している,非常に重要視している,非常に重要視している,重要視している,確認・比較はしている,お見積り、デモ・テスト導入,
00000012,0000000582_00000012_1.jpg,0000000582_00000012_2.jpg,2026-06-15 10:46:55,情報収集,導入予定なし,非常に重要視している,確認・比較はしている,重要視している,非常に重要視している,確認・比較はしている,非常に重要視している,営業担当からの説明・ご提案、お見積り、デモ・テスト導入,トライアル導入の条件を確認したいです。
00000013,0000000582_00000013_1.jpg,,2026-06-15 10:52:57,製品Aの導入を検討、製品Bの導入を検討、製品Cの導入を検討,検討中だが時期未定,非常に重要視している,重要視している,あまり重要としていない,重要視している,重要視している,あまり重要としていない,お見積り,小規模拠点向けのプランがあるか知りたいです。
00000014,0000000582_00000014_1.jpg,0000000582_00000014_2.jpg,2026-06-15 11:09:54,製品Bの導入を検討、情報収集,検討中だが時期未定,重要視している,非常に重要視している,非常に重要視している,確認・比較はしている,重要視している,確認・比較はしている,営業担当からの説明・ご提案,導入事例をもう少し詳しく知りたいです。特に同業種の事例があれば。
00000015,0000000582_00000015_1.jpg,,2026-06-15 11:10:48,製品Aの導入を検討、情報収集,検討中だが時期未定,確認・比較はしている,重要視している,重要視している,重要視している,重要視している,重要視している,その他,
00000016,0000000582_00000016_1.jpg,0000000582_00000016_2.jpg,2026-06-15 11:11:02,製品Aの導入を検討、製品Bの導入を検討、製品Cの導入を検討,1年以内,非常に重要視している,重要視している,あまり重要としていない,重要視している,重要視している,重要視している,営業担当からの説明・ご提案、お見積り,導入事例をもう少し詳しく知りたいです。特に同業種の事例があれば。
00000017,0000000582_00000017_1.jpg,0000000582_00000017_2.jpg,2026-06-15 11:15:08,製品Aの導入を検討、製品Bの導入を検討,検討中だが時期未定,あまり重要としていない,非常に重要視している,重要視している,重要視している,あまり重要としていない,重要視している,営業担当からの説明・ご提案、お見積り、デモ・テスト導入,既存システムとの連携可否について、後日詳しくお聞きしたいです。
00000018,0000000582_00000018_1.jpg,,2026-06-15 11:20:15,情報収集,導入予定なし,重要視している,重要視している,あまり重要としていない,非常に重要視している,重要視している,非常に重要視している,案内を希望しない,小規模拠点向けのプランがあるか知りたいです。
00000019,0000000582_00000019_1.jpg,,2026-06-15 11:21:40,製品Aの導入を検討、製品Bの導入を検討、情報収集,検討中だが時期未定,確認・比較はしている,重要視している,あまり重要としていない,重要視している,確認・比較はしている,あまり重要としていない,お見積り,海外拠点への展開実績はありますか。
00000020,0000000582_00000020_1.jpg,0000000582_00000020_2.jpg,2026-06-15 11:24:37,製品Cの導入を検討,3か月以内,非常に重要視している,重要視している,確認・比較はしている,重要視している,重要視している,非常に重要視している,営業担当からの説明・ご提案、デモ・テスト導入,会場が混んでいてゆっくり聞けなかったので、改めて訪問説明を希望します。
00000021,0000000582_00000021_1.jpg,0000000582_00000021_2.jpg,2026-06-15 11:26:37,製品Bの導入を検討、製品Cの導入を検討,検討中だが時期未定,重要視している,非常に重要視している,あまり重要としていない,非常に重要視している,確認・比較はしている,非常に重要視している,営業担当からの説明・ご提案,予算取りの参考にしたいので概算見積りをお願いします。
00000022,0000000582_00000022_1.jpg,0000000582_00000022_2.jpg,2026-06-15 11:27:53,製品Aの導入を検討,直ぐにでも,確認・比較はしている,非常に重要視している,確認・比較はしている,重要視している,重要視している,非常に重要視している,営業担当からの説明・ご提案、お見積り、デモ・テスト導入,予算取りの参考にしたいので概算見積りをお願いします。
00000023,0000000582_00000023_1.jpg,,2026-06-15 11:38:50,製品Bの導入を検討、製品Cの導入を検討,1年以内,確認・比較はしている,非常に重要視している,確認・比較はしている,非常に重要視している,重要視している,確認・比較はしている,営業担当からの説明・ご提案,製品Aのデモが印象的でした。価格表を送ってもらえると助かります。
00000024,0000000582_00000024_1.jpg,0000000582_00000024_2.jpg,2026-06-15 11:46:23,製品Cの導入を検討,1年以内,非常に重要視している,非常に重要視している,非常に重要視している,重要視している,確認・比較はしている,重要視している,営業担当からの説明・ご提案、お見積り、デモ・テスト導入,
00000025,0000000582_00000025_1.jpg,0000000582_00000025_2.jpg,2026-06-15 11:56:19,製品Bの導入を検討、情報収集,1年以内,非常に重要視している,あまり重要としていない,確認・比較はしている,重要視している,非常に重要視している,重要視している,デモ・テスト導入,
00000026,0000000582_00000026_1.jpg,0000000582_00000026_2.jpg,2026-06-15 11:59:21,製品Bの導入を検討、情報収集,検討中だが時期未定,非常に重要視している,非常に重要視している,あまり重要としていない,非常に重要視している,確認・比較はしている,重要視している,営業担当からの説明・ご提案,カタログだけでは分からない運用面の話が聞けて良かったです。
00000027,0000000582_00000027_1.jpg,,2026-06-15 12:01:05,情報収集,導入予定なし,重要視している,重要視している,重要視している,非常に重要視している,非常に重要視している,非常に重要視している,案内を希望しない,トライアル導入の条件を確認したいです。
00000028,0000000582_00000028_1.jpg,0000000582_00000028_2.jpg,2026-06-15 12:03:37,製品Bの導入を検討、情報収集,検討中だが時期未定,非常に重要視している,確認・比較はしている,確認・比較はしている,重要視している,確認・比較はしている,あまり重要としていない,お見積り,
00000029,0000000582_00000029_1.jpg,0000000582_00000029_2.jpg,2026-06-15 12:04:08,製品Aの導入を検討、製品Bの導入を検討、製品Cの導入を検討、情報収集,1年以内,重要視している,確認・比較はしている,重要視している,重要視している,あまり重要としていない,重要視している,デモ・テスト導入,既存システムとの連携可否について、後日詳しくお聞きしたいです。
00000030,0000000582_00000030_1.jpg,,2026-06-15 12:07:20,情報収集,導入予定なし,確認・比較はしている,重要視している,あまり重要としていない,非常に重要視している,重要視している,確認・比較はしている,営業担当からの説明・ご提案,
00000031,0000000582_00000031_1.jpg,0000000582_00000031_2.jpg,2026-06-15 12:08:12,製品Aの導入を検討、製品Bの導入を検討、情報収集,1年以内,確認・比較はしている,非常に重要視している,確認・比較はしている,非常に重要視している,非常に重要視している,重要視している,営業担当からの説明・ご提案,
00000032,0000000582_00000032_1.jpg,0000000582_00000032_2.jpg,2026-06-15 12:14:43,製品Aの導入を検討、製品Cの導入を検討、情報収集,3か月以内,非常に重要視している,あまり重要としていない,重要視している,重要視している,確認・比較はしている,非常に重要視している,営業担当からの説明・ご提案、お見積り,
00000033,0000000582_00000033_1.jpg,0000000582_00000033_2.jpg,2026-06-15 12:15:15,製品Aの導入を検討、製品Cの導入を検討、情報収集,1年以内,非常に重要視している,非常に重要視している,確認・比較はしている,確認・比較はしている,確認・比較はしている,重要視している,デモ・テスト導入,
00000034,0000000582_00000034_1.jpg,0000000582_00000034_2.jpg,2026-06-15 12:18:36,製品Aの導入を検討、情報収集,検討中だが時期未定,重要視している,重要視している,確認・比較はしている,非常に重要視している,重要視している,重要視している,営業担当からの説明・ご提案,
00000035,,,2026-06-15 12:20:44,製品Aの導入を検討、製品Bの導入を検討、情報収集,1年以内,非常に重要視している,重要視している,あまり重要としていない,重要視している,非常に重要視している,あまり重要としていない,営業担当からの説明・ご提案,
00000036,0000000582_00000036_1.jpg,0000000582_00000036_2.jpg,2026-06-15 12:27:44,製品Aの導入を検討、情報収集,直ぐにでも,非常に重要視している,確認・比較はしている,重要視している,非常に重要視している,確認・比較はしている,重要視している,営業担当からの説明・ご提案、お見積り,
00000037,0000000582_00000037_1.jpg,,2026-06-15 12:30:52,情報収集,導入予定なし,重要視している,確認・比較はしている,重要視している,重要視している,確認・比較はしている,重要視している,案内を希望しない,
00000038,0000000582_00000038_1.jpg,,2026-06-15 12:33:13,製品Aの導入を検討、製品Bの導入を検討,3か月以内,確認・比較はしている,重要視している,あまり重要としていない,非常に重要視している,非常に重要視している,重要視している,営業担当からの説明・ご提案,
00000039,0000000582_00000039_1.jpg,0000000582_00000039_2.jpg,2026-06-15 12:38:03,製品Cの導入を検討,1年以内,重要視している,重要視している,あまり重要としていない,重要視している,確認・比較はしている,確認・比較はしている,お見積り、その他,サポート窓口の受付時間を教えてください。
00000040,0000000582_00000040_1.jpg,0000000582_00000040_2.jpg,2026-06-15 12:39:31,製品Aの導入を検討、情報収集,3か月以内,重要視している,重要視している,確認・比較はしている,重要視している,確認・比較はしている,あまり重要としていない,営業担当からの説明・ご提案,
00000041,0000000582_00000041_1.jpg,,2026-06-15 12:43:00,情報収集,導入予定なし,非常に重要視している,あまり重要としていない,重要視している,非常に重要視している,重要視している,あまり重要としていない,案内を希望しない,カタログだけでは分からない運用面の話が聞けて良かったです。
00000042,0000000582_00000042_1.jpg,,2026-06-15 12:52:53,製品Bの導入を検討、製品Cの導入を検討、情報収集,1年以内,非常に重要視している,非常に重要視している,重要視している,非常に重要視している,確認・比較はしている,重要視している,営業担当からの説明・ご提案,納期の目安を教えていただけると社内稟議を進めやすいです。
00000043,0000000582_00000043_1.jpg,0000000582_00000043_2.jpg,2026-06-15 12:55:04,製品Cの導入を検討、情報収集,1年以内,重要視している,重要視している,非常に重要視している,重要視している,あまり重要としていない,非常に重要視している,営業担当からの説明・ご提案、お見積り,
00000044,0000000582_00000044_1.jpg,0000000582_00000044_2.jpg,2026-06-15 12:57:45,製品Bの導入を検討,検討中だが時期未定,重要視している,非常に重要視している,あまり重要としていない,非常に重要視している,あまり重要としていない,あまり重要としていない,お見積り,現場担当者にも見せたいので、動画資料などがあれば案内してください。
00000045,0000000582_00000045_1.jpg,0000000582_00000045_2.jpg,2026-06-15 13:00:03,製品Aの導入を検討,1年以内,非常に重要視している,重要視している,確認・比較はしている,重要視している,確認・比較はしている,非常に重要視している,案内を希望しない,
00000046,0000000582_00000046_1.jpg,,2026-06-15 13:03:32,製品Aの導入を検討,直ぐにでも,確認・比較はしている,重要視している,重要視している,非常に重要視している,確認・比較はしている,あまり重要としていない,営業担当からの説明・ご提案,
00000047,0000000582_00000047_1.jpg,0000000582_00000047_2.jpg,2026-06-15 13:05:34,製品Aの導入を検討、製品Bの導入を検討、製品Cの導入を検討,1年以内,重要視している,重要視している,確認・比較はしている,重要視している,重要視している,非常に重要視している,営業担当からの説明・ご提案、お見積り,
00000048,0000000582_00000048_1.jpg,0000000582_00000048_2.jpg,2026-06-15 13:11:30,製品Bの導入を検討、製品Cの導入を検討、その他,3か月以内,重要視している,重要視している,重要視している,非常に重要視している,非常に重要視している,確認・比較はしている,デモ・テスト導入,
00000049,0000000582_00000049_1.jpg,0000000582_00000049_2.jpg,2026-06-15 13:21:10,製品Cの導入を検討、情報収集,検討中だが時期未定,非常に重要視している,重要視している,重要視している,重要視している,確認・比較はしている,非常に重要視している,営業担当からの説明・ご提案,
00000050,0000000582_00000050_1.jpg,0000000582_00000050_2.jpg,2026-06-15 13:31:30,製品Aの導入を検討、情報収集,検討中だが時期未定,確認・比較はしている,あまり重要としていない,重要視している,非常に重要視している,確認・比較はしている,重要視している,デモ・テスト導入,海外拠点への展開実績はありますか。
00000051,0000000582_00000051_1.jpg,0000000582_00000051_2.jpg,2026-06-15 13:35:53,製品Bの導入を検討、情報収集,検討中だが時期未定,あまり重要としていない,重要視している,重要視している,重要視している,確認・比較はしている,あまり重要としていない,デモ・テスト導入,他社製品と比較検討中です。優位性が分かる資料が欲しいです。
00000052,0000000582_00000052_1.jpg,0000000582_00000052_2.jpg,2026-06-15 13:41:02,製品Bの導入を検討、情報収集,検討中だが時期未定,非常に重要視している,非常に重要視している,確認・比較はしている,重要視している,確認・比較はしている,重要視している,営業担当からの説明・ご提案,
00000053,0000000582_00000053_1.jpg,,2026-06-15 13:56:23,製品Aの導入を検討、情報収集,検討中だが時期未定,非常に重要視している,確認・比較はしている,重要視している,重要視している,非常に重要視している,重要視している,営業担当からの説明・ご提案,
00000054,0000000582_00000054_1.jpg,0000000582_00000054_2.jpg,2026-06-15 14:00:57,情報収集,導入予定なし,重要視している,確認・比較はしている,重要視している,重要視している,非常に重要視している,確認・比較はしている,案内を希望しない,現場担当者にも見せたいので、動画資料などがあれば案内してください。
00000055,0000000582_00000055_1.jpg,,2026-06-15 14:02:39,情報収集,導入予定なし,重要視している,重要視している,あまり重要としていない,あまり重要としていない,重要視している,確認・比較はしている,デモ・テスト導入、その他,カタログだけでは分からない運用面の話が聞けて良かったです。
00000056,,,2026-06-15 14:04:11,製品Bの導入を検討,検討中だが時期未定,非常に重要視している,重要視している,非常に重要視している,非常に重要視している,確認・比較はしている,あまり重要としていない,営業担当からの説明・ご提案、デモ・テスト導入,
00000057,0000000582_00000057_1.jpg,0000000582_00000057_2.jpg,2026-06-15 14:06:38,製品Aの導入を検討、製品Bの導入を検討、製品Cの導入を検討,3か月以内,非常に重要視している,重要視している,非常に重要視している,重要視している,非常に重要視している,確認・比較はしている,営業担当からの説明・ご提案,特になし
00000058,0000000582_00000058_1.jpg,0000000582_00000058_2.jpg,2026-06-15 14:14:39,製品Aの導入を検討、製品Cの導入を検討,検討中だが時期未定,重要視している,重要視している,確認・比較はしている,非常に重要視している,重要視している,重要視している,営業担当からの説明・ご提案、お見積り、デモ・テスト導入、その他,
00000059,0000000582_00000059_1.jpg,,2026-06-15 14:16:27,製品Aの導入を検討、情報収集,直ぐにでも,非常に重要視している,あまり重要としていない,重要視している,確認・比較はしている,非常に重要視している,非常に重要視している,お見積り,
00000060,0000000582_00000060_1.jpg,0000000582_00000060_2.jpg,2026-06-15 14:17:26,情報収集,導入予定なし,非常に重要視している,確認・比較はしている,確認・比較はしている,非常に重要視している,重要視している,確認・比較はしている,案内を希望しない,旧モデルからの移行パスがあるか気になっています。
00000061,0000000582_00000061_1.jpg,0000000582_00000061_2.jpg,2026-06-15 14:19:44,製品Cの導入を検討,検討中だが時期未定,重要視している,非常に重要視している,あまり重要としていない,重要視している,重要視している,重要視している,営業担当からの説明・ご提案,
00000062,,,2026-06-15 14:19:49,製品Aの導入を検討、製品Bの導入を検討、製品Cの導入を検討、情報収集,3か月以内,重要視している,確認・比較はしている,確認・比較はしている,非常に重要視している,確認・比較はしている,重要視している,営業担当からの説明・ご提案,
00000063,0000000582_00000063_1.jpg,0000000582_00000063_2.jpg,2026-06-15 14:24:26,製品Bの導入を検討、情報収集,3か月以内,非常に重要視している,確認・比較はしている,重要視している,非常に重要視している,あまり重要としていない,確認・比較はしている,デモ・テスト導入、その他,会場が混んでいてゆっくり聞けなかったので、改めて訪問説明を希望します。
00000064,0000000582_00000064_1.jpg,0000000582_00000064_2.jpg,2026-06-15 14:26:26,製品Bの導入を検討、情報収集,3か月以内,非常に重要視している,非常に重要視している,重要視している,重要視している,重要視している,非常に重要視している,営業担当からの説明・ご提案,既存システムとの連携可否について、後日詳しくお聞きしたいです。
00000065,0000000582_00000065_1.jpg,,2026-06-15 14:28:31,その他,導入予定なし,確認・比較はしている,あまり重要としていない,重要視している,重要視している,重要視している,重要視している,案内を希望しない,現場担当者にも見せたいので、動画資料などがあれば案内してください。
00000066,0000000582_00000066_1.jpg,,2026-06-15 14:32:18,製品Aの導入を検討,3か月以内,確認・比較はしている,非常に重要視している,非常に重要視している,重要視している,非常に重要視している,重要視している,デモ・テスト導入,予算取りの参考にしたいので概算見積りをお願いします。
00000067,0000000582_00000067_1.jpg,,2026-06-15 14:34:30,製品Cの導入を検討、情報収集,3か月以内,重要視している,確認・比較はしている,あまり重要としていない,重要視している,確認・比較はしている,確認・比較はしている,その他,
00000068,0000000582_00000068_1.jpg,0000000582_00000068_2.jpg,2026-06-15 14:40:26,情報収集,導入予定なし,非常に重要視している,重要視している,非常に重要視している,重要視している,確認・比較はしている,重要視している,案内を希望しない,海外拠点への展開実績はありますか。
00000069,0000000582_00000069_1.jpg,0000000582_00000069_2.jpg,2026-06-15 14:42:26,情報収集,導入予定なし,非常に重要視している,非常に重要視している,非常に重要視している,非常に重要視している,重要視している,確認・比較はしている,案内を希望しない,特になし
00000070,0000000582_00000070_1.jpg,0000000582_00000070_2.jpg,2026-06-15 14:43:44,製品Aの導入を検討、製品Cの導入を検討,検討中だが時期未定,重要視している,重要視している,確認・比較はしている,確認・比較はしている,非常に重要視している,重要視している,お見積り,
00000071,0000000582_00000071_1.jpg,,2026-06-15 14:46:38,情報収集、その他,導入予定なし,重要視している,あまり重要としていない,確認・比較はしている,重要視している,あまり重要としていない,重要視している,案内を希望しない,
00000072,0000000582_00000072_1.jpg,,2026-06-15 14:52:54,製品Bの導入を検討、製品Cの導入を検討,1年以内,確認・比較はしている,あまり重要としていない,重要視している,重要視している,非常に重要視している,非常に重要視している,デモ・テスト導入,ブースの説明が分かりやすかったです。資料を社内で共有します。
00000073,0000000582_00000073_1.jpg,,2026-06-15 14:53:44,製品Bの導入を検討,検討中だが時期未定,確認・比較はしている,確認・比較はしている,重要視している,確認・比較はしている,重要視している,非常に重要視している,営業担当からの説明・ご提案,
00000074,0000000582_00000074_1.jpg,0000000582_00000074_2.jpg,2026-06-15 14:54:57,製品Cの導入を検討、情報収集,1年以内,非常に重要視している,確認・比較はしている,重要視している,確認・比較はしている,確認・比較はしている,重要視している,お見積り、デモ・テスト導入,
00000075,0000000582_00000075_1.jpg,0000000582_00000075_2.jpg,2026-06-15 14:54:57,製品Cの導入を検討,3か月以内,確認・比較はしている,重要視している,重要視している,重要視している,確認・比較はしている,非常に重要視している,デモ・テスト導入,
00000076,0000000582_00000076_1.jpg,0000000582_00000076_2.jpg,2026-06-15 15:07:38,製品Cの導入を検討,1年以内,確認・比較はしている,重要視している,重要視している,非常に重要視している,重要視している,あまり重要としていない,お見積り、デモ・テスト導入,導入事例をもう少し詳しく知りたいです。特に同業種の事例があれば。
00000077,0000000582_00000077_1.jpg,0000000582_00000077_2.jpg,2026-06-15 15:14:20,製品Aの導入を検討、製品Bの導入を検討、情報収集,検討中だが時期未定,重要視している,重要視している,非常に重要視している,重要視している,重要視している,重要視している,営業担当からの説明・ご提案,現場担当者にも見せたいので、動画資料などがあれば案内してください。
00000078,0000000582_00000078_1.jpg,0000000582_00000078_2.jpg,2026-06-15 15:19:09,製品Aの導入を検討,3か月以内,非常に重要視している,確認・比較はしている,あまり重要としていない,確認・比較はしている,重要視している,重要視している,デモ・テスト導入,予算取りの参考にしたいので概算見積りをお願いします。
00000079,0000000582_00000079_1.jpg,,2026-06-15 15:20:23,製品Aの導入を検討、製品Bの導入を検討,3か月以内,非常に重要視している,重要視している,確認・比較はしている,非常に重要視している,確認・比較はしている,非常に重要視している,デモ・テスト導入,
00000080,0000000582_00000080_1.jpg,0000000582_00000080_2.jpg,2026-06-15 15:27:54,製品Aの導入を検討、情報収集,検討中だが時期未定,重要視している,非常に重要視している,重要視している,確認・比較はしている,非常に重要視している,あまり重要としていない,営業担当からの説明・ご提案,
00000081,0000000582_00000081_1.jpg,0000000582_00000081_2.jpg,2026-06-15 15:29:26,製品Aの導入を検討,検討中だが時期未定,非常に重要視している,非常に重要視している,確認・比較はしている,確認・比較はしている,あまり重要としていない,重要視している,お見積り,他社製品と比較検討中です。優位性が分かる資料が欲しいです。
00000082,0000000582_00000082_1.jpg,0000000582_00000082_2.jpg,2026-06-15 15:40:35,製品Cの導入を検討,1年以内,確認・比較はしている,重要視している,重要視している,非常に重要視している,確認・比較はしている,重要視している,営業担当からの説明・ご提案、デモ・テスト導入,
00000083,0000000582_00000083_1.jpg,0000000582_00000083_2.jpg,2026-06-15 15:46:40,製品Cの導入を検討、情報収集,1年以内,重要視している,重要視している,確認・比較はしている,非常に重要視している,重要視している,確認・比較はしている,営業担当からの説明・ご提案、デモ・テスト導入,トライアル導入の条件を確認したいです。
00000084,0000000582_00000084_1.jpg,,2026-06-15 15:47:44,製品Bの導入を検討、製品Cの導入を検討,1年以内,非常に重要視している,非常に重要視している,確認・比較はしている,確認・比較はしている,重要視している,非常に重要視している,営業担当からの説明・ご提案、デモ・テスト導入,
00000085,0000000582_00000085_1.jpg,0000000582_00000085_2.jpg,2026-06-15 15:49:29,製品Aの導入を検討、製品Cの導入を検討、情報収集,3か月以内,あまり重要としていない,重要視している,非常に重要視している,あまり重要としていない,あまり重要としていない,重要視している,営業担当からの説明・ご提案,
00000086,0000000582_00000086_1.jpg,0000000582_00000086_2.jpg,2026-06-15 16:03:17,製品Cの導入を検討、情報収集,1年以内,非常に重要視している,重要視している,確認・比較はしている,あまり重要としていない,非常に重要視している,確認・比較はしている,案内を希望しない,トライアル導入の条件を確認したいです。
00000087,0000000582_00000087_1.jpg,,2026-06-15 16:03:46,製品Cの導入を検討、その他,検討中だが時期未定,非常に重要視している,あまり重要としていない,あまり重要としていない,非常に重要視している,確認・比較はしている,確認・比較はしている,営業担当からの説明・ご提案,保守対応の範囲と費用感を教えてください。
00000088,0000000582_00000088_1.jpg,,2026-06-15 16:07:40,製品Cの導入を検討,3か月以内,非常に重要視している,あまり重要としていない,確認・比較はしている,非常に重要視している,重要視している,確認・比較はしている,営業担当からの説明・ご提案、デモ・テスト導入,
00000089,0000000582_00000089_1.jpg,0000000582_00000089_2.jpg,2026-06-15 16:12:41,製品Aの導入を検討、製品Bの導入を検討,3か月以内,非常に重要視している,非常に重要視している,非常に重要視している,非常に重要視している,確認・比較はしている,重要視している,お見積り,
00000090,0000000582_00000090_1.jpg,0000000582_00000090_2.jpg,2026-06-15 16:13:12,製品Aの導入を検討、製品Bの導入を検討、製品Cの導入を検討,検討中だが時期未定,確認・比較はしている,確認・比較はしている,確認・比較はしている,重要視している,確認・比較はしている,重要視している,営業担当からの説明・ご提案、デモ・テスト導入,セミナーの開催予定があれば案内をお願いします。
00000091,0000000582_00000091_1.jpg,0000000582_00000091_2.jpg,2026-06-15 16:28:43,製品Cの導入を検討,検討中だが時期未定,非常に重要視している,確認・比較はしている,確認・比較はしている,非常に重要視している,重要視している,重要視している,営業担当からの説明・ご提案,
00000092,0000000582_00000092_1.jpg,,2026-06-15 16:29:35,製品Aの導入を検討、製品Bの導入を検討、製品Cの導入を検討,検討中だが時期未定,非常に重要視している,重要視している,確認・比較はしている,重要視している,あまり重要としていない,非常に重要視している,お見積り、デモ・テスト導入,セミナーの開催予定があれば案内をお願いします。
00000093,0000000582_00000093_1.jpg,0000000582_00000093_2.jpg,2026-06-15 16:30:42,製品Bの導入を検討,直ぐにでも,重要視している,非常に重要視している,重要視している,重要視している,重要視している,非常に重要視している,営業担当からの説明・ご提案,
00000094,0000000582_00000094_1.jpg,0000000582_00000094_2.jpg,2026-06-15 16:34:16,製品Aの導入を検討、情報収集,1年以内,重要視している,非常に重要視している,重要視している,確認・比較はしている,非常に重要視している,重要視している,案内を希望しない,導入事例をもう少し詳しく知りたいです。特に同業種の事例があれば。
00000095,0000000582_00000095_1.jpg,0000000582_00000095_2.jpg,2026-06-15 16:38:01,製品Bの導入を検討、製品Cの導入を検討,1年以内,確認・比較はしている,確認・比較はしている,あまり重要としていない,重要視している,非常に重要視している,確認・比較はしている,営業担当からの説明・ご提案,海外拠点への展開実績はありますか。
00000096,0000000582_00000096_1.jpg,,2026-06-15 16:45:33,製品Bの導入を検討,検討中だが時期未定,非常に重要視している,確認・比較はしている,確認・比較はしている,非常に重要視している,あまり重要としていない,確認・比較はしている,営業担当からの説明・ご提案,
00000097,0000000582_00000097_1.jpg,0000000582_00000097_2.jpg,2026-06-15 16:50:57,製品Bの導入を検討,3か月以内,非常に重要視している,重要視している,重要視している,非常に重要視している,あまり重要としていない,非常に重要視している,営業担当からの説明・ご提案、お見積り,
00000098,0000000582_00000098_1.jpg,,2026-06-15 16:53:04,製品Bの導入を検討,3か月以内,非常に重要視している,重要視している,あまり重要としていない,非常に重要視している,確認・比較はしている,非常に重要視している,営業担当からの説明・ご提案、デモ・テスト導入,
00000099,0000000582_00000099_1.jpg,0000000582_00000099_2.jpg,2026-06-15 16:56:40,その他,導入予定なし,非常に重要視している,非常に重要視している,確認・比較はしている,確認・比較はしている,非常に重要視している,重要視している,営業担当からの説明・ご提案,
00000100,0000000582_00000100_1.jpg,0000000582_00000100_2.jpg,2026-06-15 16:58:06,製品Aの導入を検討、製品Bの導入を検討、製品Cの導入を検討,検討中だが時期未定,重要視している,重要視している,非常に重要視している,非常に重要視している,確認・比較はしている,確認・比較はしている,案内を希望しない,
00000101,0000000582_00000101_1.jpg,,2026-06-15 17:07:21,製品Cの導入を検討、情報収集、その他,検討中だが時期未定,非常に重要視している,非常に重要視している,確認・比較はしている,非常に重要視している,確認・比較はしている,重要視している,営業担当からの説明・ご提案,
00000102,0000000582_00000102_1.jpg,0000000582_00000102_2.jpg,2026-06-15 17:12:08,製品Cの導入を検討,検討中だが時期未定,非常に重要視している,非常に重要視している,重要視している,重要視している,重要視している,確認・比較はしている,営業担当からの説明・ご提案,予算取りの参考にしたいので概算見積りをお願いします。
00000103,0000000582_00000103_1.jpg,0000000582_00000103_2.jpg,2026-06-15 17:12:58,製品Aの導入を検討、製品Cの導入を検討、情報収集,検討中だが時期未定,重要視している,重要視している,確認・比較はしている,重要視している,重要視している,非常に重要視している,営業担当からの説明・ご提案、お見積り、デモ・テスト導入,
00000104,0000000582_00000104_1.jpg,0000000582_00000104_2.jpg,2026-06-15 17:14:24,製品Aの導入を検討、製品Bの導入を検討、製品Cの導入を検討,1年以内,重要視している,非常に重要視している,重要視している,非常に重要視している,非常に重要視している,重要視している,営業担当からの説明・ご提案,旧モデルからの移行パスがあるか気になっています。
00000105,0000000582_00000105_1.jpg,0000000582_00000105_2.jpg,2026-06-15 17:24:37,製品Aの導入を検討、その他,1年以内,重要視している,重要視している,あまり重要としていない,非常に重要視している,重要視している,重要視している,営業担当からの説明・ご提案,
00000106,0000000582_00000106_1.jpg,0000000582_00000106_2.jpg,2026-06-16 09:30:02,製品Aの導入を検討、製品Bの導入を検討、情報収集,3か月以内,重要視している,重要視している,あまり重要としていない,非常に重要視している,非常に重要視している,確認・比較はしている,営業担当からの説明・ご提案、お見積り,トライアル導入の条件を確認したいです。
00000107,0000000582_00000107_1.jpg,0000000582_00000107_2.jpg,2026-06-16 09:34:10,製品Bの導入を検討,1年以内,重要視している,確認・比較はしている,非常に重要視している,重要視している,重要視している,非常に重要視している,営業担当からの説明・ご提案,
00000108,0000000582_00000108_1.jpg,0000000582_00000108_2.jpg,2026-06-16 09:38:53,製品Aの導入を検討、情報収集,1年以内,非常に重要視している,重要視している,重要視している,非常に重要視している,あまり重要としていない,非常に重要視している,営業担当からの説明・ご提案,小規模拠点向けのプランがあるか知りたいです。
00000109,0000000582_00000109_1.jpg,0000000582_00000109_2.jpg,2026-06-16 09:47:50,製品Bの導入を検討、情報収集,検討中だが時期未定,重要視している,非常に重要視している,あまり重要としていない,確認・比較はしている,確認・比較はしている,非常に重要視している,営業担当からの説明・ご提案、デモ・テスト導入,
00000110,0000000582_00000110_1.jpg,0000000582_00000110_2.jpg,2026-06-16 09:54:41,製品Aの導入を検討、情報収集,3か月以内,非常に重要視している,非常に重要視している,非常に重要視している,重要視している,非常に重要視している,確認・比較はしている,営業担当からの説明・ご提案,特になし
00000111,0000000582_00000111_1.jpg,0000000582_00000111_2.jpg,2026-06-16 09:55:09,製品Bの導入を検討,検討中だが時期未定,あまり重要としていない,重要視している,あまり重要としていない,非常に重要視している,確認・比較はしている,あまり重要としていない,お見積り,旧モデルからの移行パスがあるか気になっています。
00000112,0000000582_00000112_1.jpg,,2026-06-16 10:01:01,情報収集,導入予定なし,非常に重要視している,非常に重要視している,確認・比較はしている,重要視している,非常に重要視している,あまり重要としていない,案内を希望しない,製品Aのデモが印象的でした。価格表を送ってもらえると助かります。
00000113,0000000582_00000113_1.jpg,0000000582_00000113_2.jpg,2026-06-16 10:07:28,製品Cの導入を検討、情報収集、その他,直ぐにでも,重要視している,確認・比較はしている,重要視している,非常に重要視している,重要視している,非常に重要視している,営業担当からの説明・ご提案,
00000114,0000000582_00000114_1.jpg,0000000582_00000114_2.jpg,2026-06-16 10:11:55,製品Cの導入を検討,3か月以内,確認・比較はしている,重要視している,重要視している,確認・比較はしている,あまり重要としていない,重要視している,お見積り,
00000115,0000000582_00000115_1.jpg,,2026-06-16 10:19:47,製品Aの導入を検討、製品Bの導入を検討、製品Cの導入を検討,直ぐにでも,非常に重要視している,非常に重要視している,あまり重要としていない,重要視している,重要視している,確認・比較はしている,その他,
00000116,0000000582_00000116_1.jpg,0000000582_00000116_2.jpg,2026-06-16 10:22:08,製品Bの導入を検討,1年以内,重要視している,確認・比較はしている,非常に重要視している,非常に重要視している,重要視している,非常に重要視している,営業担当からの説明・ご提案,他社製品と比較検討中です。優位性が分かる資料が欲しいです。
00000117,0000000582_00000117_1.jpg,0000000582_00000117_2.jpg,2026-06-16 10:22:17,製品Aの導入を検討、製品Bの導入を検討、製品Cの導入を検討,1年以内,重要視している,重要視している,重要視している,確認・比較はしている,あまり重要としていない,非常に重要視している,営業担当からの説明・ご提案,
00000118,0000000582_00000118_1.jpg,,2026-06-16 10:22:47,製品Bの導入を検討,検討中だが時期未定,非常に重要視している,あまり重要としていない,重要視している,非常に重要視している,非常に重要視している,非常に重要視している,お見積り,展示されていた新型は当社の用途に合いそうです。仕様書を希望します。
00000119,0000000582_00000119_1.jpg,0000000582_00000119_2.jpg,2026-06-16 10:23:34,製品Bの導入を検討、情報収集,検討中だが時期未定,確認・比較はしている,確認・比較はしている,確認・比較はしている,重要視している,非常に重要視している,重要視している,営業担当からの説明・ご提案,他社製品と比較検討中です。優位性が分かる資料が欲しいです。
00000120,0000000582_00000120_1.jpg,0000000582_00000120_2.jpg,2026-06-16 10:25:15,製品Aの導入を検討,検討中だが時期未定,重要視している,非常に重要視している,あまり重要としていない,非常に重要視している,非常に重要視している,非常に重要視している,営業担当からの説明・ご提案,
00000121,0000000582_00000121_1.jpg,0000000582_00000121_2.jpg,2026-06-16 10:28:28,製品Aの導入を検討、製品Bの導入を検討、情報収集,検討中だが時期未定,非常に重要視している,非常に重要視している,確認・比較はしている,非常に重要視している,確認・比較はしている,確認・比較はしている,お見積り,
00000122,0000000582_00000122_1.jpg,0000000582_00000122_2.jpg,2026-06-16 10:29:37,製品Aの導入を検討,1年以内,重要視している,非常に重要視している,確認・比較はしている,重要視している,重要視している,非常に重要視している,営業担当からの説明・ご提案,
00000123,0000000582_00000123_1.jpg,0000000582_00000123_2.jpg,2026-06-16 10:38:30,製品Aの導入を検討、製品Bの導入を検討、製品Cの導入を検討,3か月以内,非常に重要視している,非常に重要視している,確認・比較はしている,あまり重要としていない,あまり重要としていない,あまり重要としていない,営業担当からの説明・ご提案,特になし
00000124,0000000582_00000124_1.jpg,0000000582_00000124_2.jpg,2026-06-16 10:39:51,製品Bの導入を検討、製品Cの導入を検討、情報収集,1年以内,確認・比較はしている,重要視している,非常に重要視している,非常に重要視している,重要視している,重要視している,デモ・テスト導入,予算取りの参考にしたいので概算見積りをお願いします。
00000125,0000000582_00000125_1.jpg,0000000582_00000125_2.jpg,2026-06-16 10:42:00,製品Aの導入を検討、製品Cの導入を検討、情報収集,検討中だが時期未定,あまり重要としていない,非常に重要視している,確認・比較はしている,重要視している,重要視している,あまり重要としていない,営業担当からの説明・ご提案,旧モデルからの移行パスがあるか気になっています。
00000126,0000000582_00000126_1.jpg,0000000582_00000126_2.jpg,2026-06-16 10:43:51,製品Aの導入を検討、情報収集,検討中だが時期未定,確認・比較はしている,確認・比較はしている,非常に重要視している,非常に重要視している,確認・比較はしている,あまり重要としていない,営業担当からの説明・ご提案,
00000127,0000000582_00000127_1.jpg,,2026-06-16 10:45:17,製品Aの導入を検討、情報収集,1年以内,確認・比較はしている,重要視している,確認・比較はしている,非常に重要視している,確認・比較はしている,非常に重要視している,営業担当からの説明・ご提案、お見積り,
00000128,0000000582_00000128_1.jpg,0000000582_00000128_2.jpg,2026-06-16 10:46:44,製品Aの導入を検討、製品Cの導入を検討、その他,1年以内,非常に重要視している,重要視している,重要視している,重要視している,あまり重要としていない,確認・比較はしている,営業担当からの説明・ご提案、デモ・テスト導入,
00000129,0000000582_00000129_1.jpg,,2026-06-16 11:04:42,製品Bの導入を検討,3か月以内,確認・比較はしている,重要視している,非常に重要視している,重要視している,非常に重要視している,確認・比較はしている,デモ・テスト導入,
00000130,0000000582_00000130_1.jpg,0000000582_00000130_2.jpg,2026-06-16 11:05:06,情報収集,導入予定なし,非常に重要視している,非常に重要視している,重要視している,重要視している,重要視している,確認・比較はしている,案内を希望しない,既存システムとの連携可否について、後日詳しくお聞きしたいです。
00000131,0000000582_00000131_1.jpg,,2026-06-16 11:06:27,製品Cの導入を検討、情報収集,1年以内,確認・比較はしている,重要視している,非常に重要視している,重要視している,確認・比較はしている,あまり重要としていない,営業担当からの説明・ご提案,
00000132,0000000582_00000132_1.jpg,0000000582_00000132_2.jpg,2026-06-16 11:09:47,製品Cの導入を検討、情報収集,1年以内,確認・比較はしている,あまり重要としていない,確認・比較はしている,重要視している,非常に重要視している,重要視している,営業担当からの説明・ご提案,
00000133,0000000582_00000133_1.jpg,0000000582_00000133_2.jpg,2026-06-16 11:11:15,製品Cの導入を検討,直ぐにでも,あまり重要としていない,重要視している,あまり重要としていない,重要視している,非常に重要視している,確認・比較はしている,営業担当からの説明・ご提案,特になし
00000134,0000000582_00000134_1.jpg,,2026-06-16 11:13:59,製品Bの導入を検討,1年以内,あまり重要としていない,あまり重要としていない,重要視している,重要視している,確認・比較はしている,重要視している,営業担当からの説明・ご提案,
00000135,0000000582_00000135_1.jpg,0000000582_00000135_2.jpg,2026-06-16 11:19:36,製品Cの導入を検討,3か月以内,確認・比較はしている,非常に重要視している,確認・比較はしている,非常に重要視している,重要視している,非常に重要視している,お見積り,
00000136,0000000582_00000136_1.jpg,0000000582_00000136_2.jpg,2026-06-16 11:23:59,製品Aの導入を検討、製品Bの導入を検討,1年以内,重要視している,重要視している,重要視している,非常に重要視している,あまり重要としていない,あまり重要としていない,営業担当からの説明・ご提案,製品Aのデモが印象的でした。価格表を送ってもらえると助かります。
00000137,0000000582_00000137_1.jpg,0000000582_00000137_2.jpg,2026-06-16 11:25:33,製品Cの導入を検討、情報収集,3か月以内,重要視している,重要視している,あまり重要としていない,非常に重要視している,確認・比較はしている,確認・比較はしている,営業担当からの説明・ご提案、お見積り、デモ・テスト導入,
00000138,0000000582_00000138_1.jpg,0000000582_00000138_2.jpg,2026-06-16 11:26:23,情報収集,導入予定なし,確認・比較はしている,重要視している,あまり重要としていない,非常に重要視している,確認・比較はしている,非常に重要視している,案内を希望しない,
00000139,0000000582_00000139_1.jpg,0000000582_00000139_2.jpg,2026-06-16 11:28:29,製品Aの導入を検討、情報収集,検討中だが時期未定,あまり重要としていない,非常に重要視している,確認・比較はしている,確認・比較はしている,あまり重要としていない,非常に重要視している,営業担当からの説明・ご提案、お見積り,
00000140,0000000582_00000140_1.jpg,,2026-06-16 11:33:02,製品Cの導入を検討、情報収集,直ぐにでも,非常に重要視している,重要視している,重要視している,確認・比較はしている,非常に重要視している,あまり重要としていない,営業担当からの説明・ご提案,特になし
00000141,0000000582_00000141_1.jpg,,2026-06-16 11:35:51,製品Aの導入を検討、製品Bの導入を検討,3か月以内,非常に重要視している,重要視している,確認・比較はしている,非常に重要視している,重要視している,非常に重要視している,営業担当からの説明・ご提案,特になし
00000142,0000000582_00000142_1.jpg,,2026-06-16 11:36:56,製品Cの導入を検討、情報収集,検討中だが時期未定,重要視している,非常に重要視している,あまり重要としていない,確認・比較はしている,確認・比較はしている,確認・比較はしている,お見積り,
00000143,0000000582_00000143_1.jpg,0000000582_00000143_2.jpg,2026-06-16 11:40:50,製品Aの導入を検討、情報収集,検討中だが時期未定,重要視している,重要視している,重要視している,非常に重要視している,確認・比較はしている,非常に重要視している,お見積り,
00000144,0000000582_00000144_1.jpg,,2026-06-16 11:41:05,製品Bの導入を検討、製品Cの導入を検討,検討中だが時期未定,あまり重要としていない,確認・比較はしている,確認・比較はしている,非常に重要視している,確認・比較はしている,非常に重要視している,営業担当からの説明・ご提案,現場担当者にも見せたいので、動画資料などがあれば案内してください。
00000145,0000000582_00000145_1.jpg,,2026-06-16 11:42:24,製品Aの導入を検討、その他,1年以内,重要視している,非常に重要視している,重要視している,あまり重要としていない,重要視している,重要視している,営業担当からの説明・ご提案、デモ・テスト導入,
00000146,,,2026-06-16 12:04:39,情報収集,導入予定なし,重要視している,重要視している,重要視している,確認・比較はしている,重要視している,非常に重要視している,案内を希望しない,
00000147,0000000582_00000147_1.jpg,0000000582_00000147_2.jpg,2026-06-16 12:05:49,製品Aの導入を検討、製品Bの導入を検討、情報収集,3か月以内,確認・比較はしている,重要視している,重要視している,非常に重要視している,重要視している,重要視している,案内を希望しない,
00000148,0000000582_00000148_1.jpg,0000000582_00000148_2.jpg,2026-06-16 12:08:19,製品Bの導入を検討、製品Cの導入を検討、情報収集,1年以内,重要視している,重要視している,確認・比較はしている,重要視している,非常に重要視している,確認・比較はしている,営業担当からの説明・ご提案,
00000149,0000000582_00000149_1.jpg,0000000582_00000149_2.jpg,2026-06-16 12:13:31,製品Aの導入を検討、製品Bの導入を検討,検討中だが時期未定,重要視している,重要視している,確認・比較はしている,確認・比較はしている,あまり重要としていない,確認・比較はしている,お見積り,
00000150,0000000582_00000150_1.jpg,,2026-06-16 12:20:38,製品Aの導入を検討、製品Bの導入を検討、製品Cの導入を検討,検討中だが時期未定,非常に重要視している,重要視している,重要視している,重要視している,あまり重要としていない,重要視している,案内を希望しない,展示されていた新型は当社の用途に合いそうです。仕様書を希望します。
00000151,0000000582_00000151_1.jpg,0000000582_00000151_2.jpg,2026-06-16 12:25:00,製品Cの導入を検討,1年以内,非常に重要視している,重要視している,重要視している,非常に重要視している,確認・比較はしている,あまり重要としていない,営業担当からの説明・ご提案,
00000152,0000000582_00000152_1.jpg,0000000582_00000152_2.jpg,2026-06-16 12:33:24,製品Aの導入を検討、製品Cの導入を検討、情報収集,1年以内,重要視している,確認・比較はしている,確認・比較はしている,非常に重要視している,重要視している,重要視している,お見積り,予算取りの参考にしたいので概算見積りをお願いします。
00000153,0000000582_00000153_1.jpg,0000000582_00000153_2.jpg,2026-06-16 12:35:04,製品Cの導入を検討、情報収集,直ぐにでも,重要視している,非常に重要視している,非常に重要視している,重要視している,非常に重要視している,確認・比較はしている,営業担当からの説明・ご提案,特になし
00000154,0000000582_00000154_1.jpg,0000000582_00000154_2.jpg,2026-06-16 12:35:12,製品Aの導入を検討、製品Bの導入を検討、製品Cの導入を検討,3か月以内,非常に重要視している,重要視している,確認・比較はしている,あまり重要としていない,重要視している,非常に重要視している,デモ・テスト導入,
00000155,0000000582_00000155_1.jpg,0000000582_00000155_2.jpg,2026-06-16 12:35:46,製品Aの導入を検討、情報収集,3か月以内,重要視している,確認・比較はしている,重要視している,重要視している,確認・比較はしている,非常に重要視している,案内を希望しない,現場担当者にも見せたいので、動画資料などがあれば案内してください。
00000156,0000000582_00000156_1.jpg,0000000582_00000156_2.jpg,2026-06-16 12:52:15,製品Aの導入を検討、情報収集,検討中だが時期未定,確認・比較はしている,非常に重要視している,あまり重要としていない,重要視している,あまり重要としていない,重要視している,営業担当からの説明・ご提案、お見積り、デモ・テスト導入,現場担当者にも見せたいので、動画資料などがあれば案内してください。
00000157,0000000582_00000157_1.jpg,0000000582_00000157_2.jpg,2026-06-16 12:59:07,製品Bの導入を検討,検討中だが時期未定,重要視している,確認・比較はしている,重要視している,非常に重要視している,重要視している,非常に重要視している,営業担当からの説明・ご提案,
00000158,0000000582_00000158_1.jpg,,2026-06-16 13:07:00,製品Aの導入を検討、製品Cの導入を検討,1年以内,非常に重要視している,重要視している,確認・比較はしている,あまり重要としていない,重要視している,確認・比較はしている,デモ・テスト導入,
00000159,0000000582_00000159_1.jpg,0000000582_00000159_2.jpg,2026-06-16 13:10:42,製品Aの導入を検討、製品Bの導入を検討,検討中だが時期未定,重要視している,重要視している,重要視している,重要視している,確認・比較はしている,重要視している,案内を希望しない,予算取りの参考にしたいので概算見積りをお願いします。
00000160,0000000582_00000160_1.jpg,0000000582_00000160_2.jpg,2026-06-16 13:25:42,製品Aの導入を検討、製品Bの導入を検討,検討中だが時期未定,重要視している,重要視している,重要視している,確認・比較はしている,重要視している,重要視している,営業担当からの説明・ご提案,
00000161,,,2026-06-16 13:26:20,製品Bの導入を検討、その他,1年以内,非常に重要視している,非常に重要視している,非常に重要視している,重要視している,確認・比較はしている,重要視している,お見積り、デモ・テスト導入,
00000162,0000000582_00000162_1.jpg,,2026-06-16 13:28:03,製品Aの導入を検討,検討中だが時期未定,非常に重要視している,重要視している,重要視している,確認・比較はしている,確認・比較はしている,確認・比較はしている,営業担当からの説明・ご提案,会場が混んでいてゆっくり聞けなかったので、改めて訪問説明を希望します。
00000163,0000000582_00000163_1.jpg,,2026-06-16 13:31:32,情報収集、その他,導入予定なし,重要視している,重要視している,重要視している,重要視している,重要視している,あまり重要としていない,案内を希望しない,
00000164,0000000582_00000164_1.jpg,0000000582_00000164_2.jpg,2026-06-16 13:33:30,情報収集,導入予定なし,非常に重要視している,重要視している,確認・比較はしている,重要視している,非常に重要視している,確認・比較はしている,案内を希望しない,
00000165,0000000582_00000165_1.jpg,0000000582_00000165_2.jpg,2026-06-16 13:40:46,製品Cの導入を検討、その他,3か月以内,非常に重要視している,重要視している,確認・比較はしている,非常に重要視している,非常に重要視している,重要視している,営業担当からの説明・ご提案,
00000166,0000000582_00000166_1.jpg,0000000582_00000166_2.jpg,2026-06-16 13:52:34,製品Aの導入を検討、製品Cの導入を検討、情報収集,検討中だが時期未定,非常に重要視している,確認・比較はしている,確認・比較はしている,重要視している,非常に重要視している,非常に重要視している,営業担当からの説明・ご提案,海外拠点への展開実績はありますか。
00000167,0000000582_00000167_1.jpg,0000000582_00000167_2.jpg,2026-06-16 13:53:02,製品Aの導入を検討、製品Cの導入を検討、情報収集,1年以内,重要視している,確認・比較はしている,確認・比較はしている,確認・比較はしている,あまり重要としていない,重要視している,営業担当からの説明・ご提案、お見積り,旧モデルからの移行パスがあるか気になっています。
00000168,0000000582_00000168_1.jpg,0000000582_00000168_2.jpg,2026-06-16 13:59:30,製品Bの導入を検討,1年以内,重要視している,非常に重要視している,重要視している,確認・比較はしている,非常に重要視している,確認・比較はしている,営業担当からの説明・ご提案、デモ・テスト導入,
00000169,0000000582_00000169_1.jpg,,2026-06-16 14:02:05,製品Cの導入を検討,1年以内,非常に重要視している,確認・比較はしている,非常に重要視している,重要視している,あまり重要としていない,重要視している,営業担当からの説明・ご提案,カタログだけでは分からない運用面の話が聞けて良かったです。
00000170,0000000582_00000170_1.jpg,,2026-06-16 14:03:21,製品Aの導入を検討、情報収集,直ぐにでも,非常に重要視している,重要視している,確認・比較はしている,非常に重要視している,重要視している,確認・比較はしている,営業担当からの説明・ご提案,
00000171,0000000582_00000171_1.jpg,,2026-06-16 14:05:56,製品Cの導入を検討,3か月以内,非常に重要視している,重要視している,非常に重要視している,非常に重要視している,重要視している,あまり重要としていない,営業担当からの説明・ご提案,
00000172,0000000582_00000172_1.jpg,,2026-06-16 14:07:25,製品Aの導入を検討、製品Bの導入を検討、製品Cの導入を検討,1年以内,確認・比較はしている,重要視している,あまり重要としていない,重要視している,あまり重要としていない,重要視している,営業担当からの説明・ご提案、お見積り,
00000173,0000000582_00000173_1.jpg,0000000582_00000173_2.jpg,2026-06-16 14:17:41,製品Bの導入を検討、情報収集,検討中だが時期未定,確認・比較はしている,重要視している,あまり重要としていない,重要視している,重要視している,重要視している,デモ・テスト導入,
00000174,0000000582_00000174_1.jpg,0000000582_00000174_2.jpg,2026-06-16 14:19:49,製品Aの導入を検討、その他,1年以内,非常に重要視している,確認・比較はしている,あまり重要としていない,重要視している,確認・比較はしている,確認・比較はしている,案内を希望しない,海外拠点への展開実績はありますか。
00000175,0000000582_00000175_1.jpg,0000000582_00000175_2.jpg,2026-06-16 14:25:06,情報収集、その他,導入予定なし,非常に重要視している,あまり重要としていない,重要視している,非常に重要視している,重要視している,非常に重要視している,案内を希望しない,海外拠点への展開実績はありますか。
00000176,0000000582_00000176_1.jpg,,2026-06-16 14:29:31,製品Aの導入を検討、情報収集,3か月以内,非常に重要視している,重要視している,あまり重要としていない,重要視している,あまり重要としていない,非常に重要視している,営業担当からの説明・ご提案,
00000177,0000000582_00000177_1.jpg,0000000582_00000177_2.jpg,2026-06-16 14:30:32,製品Bの導入を検討、製品Cの導入を検討,検討中だが時期未定,重要視している,非常に重要視している,非常に重要視している,重要視している,確認・比較はしている,確認・比較はしている,営業担当からの説明・ご提案、デモ・テスト導入,小規模拠点向けのプランがあるか知りたいです。
00000178,0000000582_00000178_1.jpg,0000000582_00000178_2.jpg,2026-06-16 14:38:05,製品Aの導入を検討、製品Bの導入を検討、製品Cの導入を検討、その他,3か月以内,確認・比較はしている,あまり重要としていない,あまり重要としていない,非常に重要視している,非常に重要視している,重要視している,デモ・テスト導入,
00000179,0000000582_00000179_1.jpg,,2026-06-16 14:38:37,製品Bの導入を検討,3か月以内,確認・比較はしている,非常に重要視している,重要視している,確認・比較はしている,確認・比較はしている,重要視している,営業担当からの説明・ご提案、お見積り,
00000180,0000000582_00000180_1.jpg,0000000582_00000180_2.jpg,2026-06-16 14:39:50,製品Bの導入を検討、製品Cの導入を検討、情報収集,3か月以内,非常に重要視している,確認・比較はしている,あまり重要としていない,重要視している,重要視している,重要視している,営業担当からの説明・ご提案、デモ・テスト導入,
00000181,0000000582_00000181_1.jpg,,2026-06-16 14:40:20,情報収集,導入予定なし,非常に重要視している,確認・比較はしている,あまり重要としていない,あまり重要としていない,確認・比較はしている,あまり重要としていない,案内を希望しない,
00000182,0000000582_00000182_1.jpg,,2026-06-16 14:44:27,製品Bの導入を検討、製品Cの導入を検討、情報収集,検討中だが時期未定,重要視している,あまり重要としていない,確認・比較はしている,重要視している,非常に重要視している,あまり重要としていない,営業担当からの説明・ご提案、デモ・テスト導入,
00000183,0000000582_00000183_1.jpg,0000000582_00000183_2.jpg,2026-06-16 14:44:52,情報収集、その他,導入予定なし,確認・比較はしている,重要視している,非常に重要視している,非常に重要視している,非常に重要視している,重要視している,案内を希望しない,
00000184,0000000582_00000184_1.jpg,0000000582_00000184_2.jpg,2026-06-16 14:50:31,製品Bの導入を検討、情報収集,3か月以内,重要視している,あまり重要としていない,あまり重要としていない,非常に重要視している,あまり重要としていない,重要視している,営業担当からの説明・ご提案,会場が混んでいてゆっくり聞けなかったので、改めて訪問説明を希望します。
00000185,0000000582_00000185_1.jpg,0000000582_00000185_2.jpg,2026-06-16 14:57:19,製品Aの導入を検討、製品Cの導入を検討、情報収集,3か月以内,非常に重要視している,確認・比較はしている,重要視している,確認・比較はしている,重要視している,非常に重要視している,お見積り,既存システムとの連携可否について、後日詳しくお聞きしたいです。
00000186,0000000582_00000186_1.jpg,0000000582_00000186_2.jpg,2026-06-16 15:05:00,製品Aの導入を検討、製品Bの導入を検討、製品Cの導入を検討,3か月以内,非常に重要視している,非常に重要視している,確認・比較はしている,重要視している,非常に重要視している,重要視している,営業担当からの説明・ご提案、その他,
00000187,0000000582_00000187_1.jpg,0000000582_00000187_2.jpg,2026-06-16 15:09:12,製品Bの導入を検討、製品Cの導入を検討、情報収集,1年以内,非常に重要視している,非常に重要視している,重要視している,非常に重要視している,重要視している,重要視している,デモ・テスト導入,
00000188,0000000582_00000188_1.jpg,,2026-06-16 15:11:44,製品Aの導入を検討,検討中だが時期未定,確認・比較はしている,重要視している,重要視している,重要視している,確認・比較はしている,確認・比較はしている,営業担当からの説明・ご提案,
00000189,0000000582_00000189_1.jpg,0000000582_00000189_2.jpg,2026-06-16 15:21:26,製品Aの導入を検討、製品Bの導入を検討、情報収集,検討中だが時期未定,あまり重要としていない,重要視している,確認・比較はしている,非常に重要視している,非常に重要視している,非常に重要視している,お見積り,
00000190,0000000582_00000190_1.jpg,0000000582_00000190_2.jpg,2026-06-16 15:23:30,製品Aの導入を検討、製品Cの導入を検討,検討中だが時期未定,重要視している,非常に重要視している,重要視している,重要視している,重要視している,重要視している,営業担当からの説明・ご提案,セミナーの開催予定があれば案内をお願いします。
00000191,0000000582_00000191_1.jpg,,2026-06-16 15:27:57,製品Aの導入を検討、製品Bの導入を検討、情報収集,1年以内,非常に重要視している,非常に重要視している,確認・比較はしている,非常に重要視している,確認・比較はしている,重要視している,営業担当からの説明・ご提案,
00000192,0000000582_00000192_1.jpg,,2026-06-16 15:28:23,製品Cの導入を検討,1年以内,重要視している,重要視している,重要視している,重要視している,あまり重要としていない,重要視している,その他,
00000193,0000000582_00000193_1.jpg,,2026-06-16 15:30:13,製品Bの導入を検討,3か月以内,非常に重要視している,重要視している,確認・比較はしている,非常に重要視している,重要視している,非常に重要視している,お見積り,
00000194,,,2026-06-16 15:36:56,情報収集、その他,導入予定なし,あまり重要としていない,非常に重要視している,確認・比較はしている,非常に重要視している,あまり重要としていない,あまり重要としていない,案内を希望しない,
00000195,0000000582_00000195_1.jpg,0000000582_00000195_2.jpg,2026-06-16 15:44:24,製品Bの導入を検討、製品Cの導入を検討、情報収集,1年以内,非常に重要視している,非常に重要視している,重要視している,重要視している,確認・比較はしている,確認・比較はしている,案内を希望しない,
00000196,0000000582_00000196_1.jpg,0000000582_00000196_2.jpg,2026-06-16 15:45:18,製品Cの導入を検討,1年以内,あまり重要としていない,重要視している,非常に重要視している,重要視している,非常に重要視している,確認・比較はしている,デモ・テスト導入,
00000197,0000000582_00000197_1.jpg,0000000582_00000197_2.jpg,2026-06-16 15:51:35,製品Aの導入を検討、製品Bの導入を検討、情報収集,3か月以内,重要視している,重要視している,重要視している,確認・比較はしている,確認・比較はしている,あまり重要としていない,お見積り、デモ・テスト導入,
00000198,0000000582_00000198_1.jpg,,2026-06-16 15:52:04,製品Cの導入を検討,3か月以内,重要視している,重要視している,確認・比較はしている,非常に重要視している,重要視している,あまり重要としていない,営業担当からの説明・ご提案,導入事例をもう少し詳しく知りたいです。特に同業種の事例があれば。
00000199,0000000582_00000199_1.jpg,,2026-06-16 15:53:03,製品Aの導入を検討,1年以内,非常に重要視している,非常に重要視している,確認・比較はしている,重要視している,重要視している,重要視している,お見積り、デモ・テスト導入,
00000200,0000000582_00000200_1.jpg,0000000582_00000200_2.jpg,2026-06-16 16:09:46,製品Cの導入を検討,検討中だが時期未定,重要視している,重要視している,重要視している,重要視している,重要視している,あまり重要としていない,お見積り,納期の目安を教えていただけると社内稟議を進めやすいです。
00000201,0000000582_00000201_1.jpg,0000000582_00000201_2.jpg,2026-06-16 16:23:21,製品Bの導入を検討,3か月以内,非常に重要視している,確認・比較はしている,重要視している,非常に重要視している,確認・比較はしている,重要視している,営業担当からの説明・ご提案、その他,
00000202,0000000582_00000202_1.jpg,,2026-06-16 16:26:41,製品Aの導入を検討、情報収集,検討中だが時期未定,確認・比較はしている,非常に重要視している,非常に重要視している,重要視している,あまり重要としていない,あまり重要としていない,営業担当からの説明・ご提案、お見積り,予算取りの参考にしたいので概算見積りをお願いします。
00000203,0000000582_00000203_1.jpg,0000000582_00000203_2.jpg,2026-06-16 16:28:11,製品Aの導入を検討、製品Bの導入を検討、情報収集,1年以内,非常に重要視している,非常に重要視している,あまり重要としていない,重要視している,重要視している,確認・比較はしている,営業担当からの説明・ご提案,
00000204,0000000582_00000204_1.jpg,0000000582_00000204_2.jpg,2026-06-16 16:35:33,製品Bの導入を検討、情報収集,検討中だが時期未定,重要視している,非常に重要視している,確認・比較はしている,重要視している,重要視している,確認・比較はしている,営業担当からの説明・ご提案,サポート窓口の受付時間を教えてください。
00000205,0000000582_00000205_1.jpg,0000000582_00000205_2.jpg,2026-06-16 16:35:52,製品Bの導入を検討、製品Cの導入を検討、その他,1年以内,確認・比較はしている,非常に重要視している,重要視している,非常に重要視している,非常に重要視している,あまり重要としていない,営業担当からの説明・ご提案,特になし
00000206,0000000582_00000206_1.jpg,0000000582_00000206_2.jpg,2026-06-16 16:41:13,製品Bの導入を検討,検討中だが時期未定,確認・比較はしている,非常に重要視している,重要視している,非常に重要視している,確認・比較はしている,重要視している,営業担当からの説明・ご提案,
00000207,0000000582_00000207_1.jpg,0000000582_00000207_2.jpg,2026-06-16 16:47:35,製品Bの導入を検討、製品Cの導入を検討、情報収集,検討中だが時期未定,非常に重要視している,確認・比較はしている,あまり重要としていない,確認・比較はしている,重要視している,重要視している,お見積り、デモ・テスト導入,
00000208,0000000582_00000208_1.jpg,0000000582_00000208_2.jpg,2026-06-16 16:47:49,製品Aの導入を検討、製品Cの導入を検討,1年以内,非常に重要視している,非常に重要視している,確認・比較はしている,重要視している,確認・比較はしている,確認・比較はしている,営業担当からの説明・ご提案,予算取りの参考にしたいので概算見積りをお願いします。
00000209,0000000582_00000209_1.jpg,0000000582_00000209_2.jpg,2026-06-16 16:56:38,製品Bの導入を検討、製品Cの導入を検討、情報収集,検討中だが時期未定,あまり重要としていない,確認・比較はしている,確認・比較はしている,重要視している,確認・比較はしている,確認・比較はしている,営業担当からの説明・ご提案,
00000210,,,2026-06-16 16:56:55,製品Aの導入を検討、製品Bの導入を検討、製品Cの導入を検討,1年以内,重要視している,非常に重要視している,確認・比較はしている,確認・比較はしている,あまり重要としていない,確認・比較はしている,営業担当からの説明・ご提案,
00000211,0000000582_00000211_1.jpg,0000000582_00000211_2.jpg,2026-06-16 16:59:23,製品Cの導入を検討、情報収集,1年以内,非常に重要視している,確認・比較はしている,あまり重要としていない,確認・比較はしている,確認・比較はしている,非常に重要視している,営業担当からの説明・ご提案,
00000212,,,2026-06-16 17:00:36,情報収集,導入予定なし,重要視している,確認・比較はしている,あまり重要としていない,あまり重要としていない,重要視している,重要視している,案内を希望しない,小規模拠点向けのプランがあるか知りたいです。
00000213,0000000582_00000213_1.jpg,0000000582_00000213_2.jpg,2026-06-16 17:02:16,製品Aの導入を検討、製品Bの導入を検討,3か月以内,重要視している,非常に重要視している,非常に重要視している,非常に重要視している,非常に重要視している,非常に重要視している,営業担当からの説明・ご提案、デモ・テスト導入,
00000214,0000000582_00000214_1.jpg,0000000582_00000214_2.jpg,2026-06-16 17:02:52,製品Cの導入を検討、情報収集,3か月以内,非常に重要視している,非常に重要視している,あまり重要としていない,非常に重要視している,重要視している,あまり重要としていない,営業担当からの説明・ご提案,トライアル導入の条件を確認したいです。
00000215,0000000582_00000215_1.jpg,0000000582_00000215_2.jpg,2026-06-16 17:04:44,情報収集,導入予定なし,非常に重要視している,確認・比較はしている,確認・比較はしている,非常に重要視している,重要視している,非常に重要視している,案内を希望しない,
00000216,0000000582_00000216_1.jpg,0000000582_00000216_2.jpg,2026-06-16 17:06:45,製品Aの導入を検討、製品Bの導入を検討,1年以内,非常に重要視している,非常に重要視している,確認・比較はしている,確認・比較はしている,非常に重要視している,非常に重要視している,デモ・テスト導入,
00000217,0000000582_00000217_1.jpg,0000000582_00000217_2.jpg,2026-06-16 17:08:32,製品Cの導入を検討、情報収集,検討中だが時期未定,重要視している,確認・比較はしている,確認・比較はしている,重要視している,非常に重要視している,非常に重要視している,お見積り,予算取りの参考にしたいので概算見積りをお願いします。
00000218,0000000582_00000218_1.jpg,0000000582_00000218_2.jpg,2026-06-16 17:09:10,情報収集、その他,導入予定なし,あまり重要としていない,確認・比較はしている,重要視している,確認・比較はしている,確認・比較はしている,確認・比較はしている,お見積り、デモ・テスト導入,
00000219,0000000582_00000219_1.jpg,0000000582_00000219_2.jpg,2026-06-16 17:10:08,情報収集、その他,導入予定なし,重要視している,あまり重要としていない,あまり重要としていない,確認・比較はしている,重要視している,確認・比較はしている,案内を希望しない,製品Aのデモが印象的でした。価格表を送ってもらえると助かります。
00000220,0000000582_00000220_1.jpg,,2026-06-16 17:14:36,その他,導入予定なし,確認・比較はしている,非常に重要視している,重要視している,確認・比較はしている,重要視している,あまり重要としていない,案内を希望しない,
00000221,0000000582_00000221_1.jpg,0000000582_00000221_2.jpg,2026-06-16 17:15:09,製品Aの導入を検討、情報収集,検討中だが時期未定,非常に重要視している,非常に重要視している,確認・比較はしている,非常に重要視している,重要視している,あまり重要としていない,営業担当からの説明・ご提案、お見積り,特になし
00000222,0000000582_00000222_1.jpg,0000000582_00000222_2.jpg,2026-06-16 17:16:59,製品Cの導入を検討,検討中だが時期未定,非常に重要視している,確認・比較はしている,確認・比較はしている,確認・比較はしている,あまり重要としていない,重要視している,営業担当からの説明・ご提案、デモ・テスト導入,
00000223,0000000582_00000223_1.jpg,0000000582_00000223_2.jpg,2026-06-16 17:17:16,製品Aの導入を検討、製品Bの導入を検討、製品Cの導入を検討,3か月以内,確認・比較はしている,非常に重要視している,重要視している,重要視している,重要視している,あまり重要としていない,営業担当からの説明・ご提案,
00000224,,,2026-06-16 17:17:36,情報収集,導入予定なし,重要視している,重要視している,重要視している,重要視している,非常に重要視している,確認・比較はしている,案内を希望しない,
00000225,0000000582_00000225_1.jpg,0000000582_00000225_2.jpg,2026-06-16 17:24:31,製品Cの導入を検討、情報収集,1年以内,非常に重要視している,非常に重要視している,確認・比較はしている,重要視している,あまり重要としていない,非常に重要視している,営業担当からの説明・ご提案、デモ・テスト導入,
00000226,0000000582_00000226_1.jpg,0000000582_00000226_2.jpg,2026-06-16 17:27:10,製品Aの導入を検討、製品Bの導入を検討,3か月以内,確認・比較はしている,非常に重要視している,重要視している,重要視している,確認・比較はしている,重要視している,営業担当からの説明・ご提案,
00000227,0000000582_00000227_1.jpg,0000000582_00000227_2.jpg,2026-06-17 09:32:10,製品Aの導入を検討、情報収集,検討中だが時期未定,重要視している,重要視している,あまり重要としていない,確認・比較はしている,重要視している,確認・比較はしている,その他,特になし
00000228,0000000582_00000228_1.jpg,0000000582_00000228_2.jpg,2026-06-17 09:38:02,製品Cの導入を検討、情報収集,3か月以内,確認・比較はしている,あまり重要としていない,確認・比較はしている,重要視している,重要視している,非常に重要視している,営業担当からの説明・ご提案,
00000229,0000000582_00000229_1.jpg,,2026-06-17 09:41:55,製品Aの導入を検討、情報収集,直ぐにでも,非常に重要視している,確認・比較はしている,重要視している,重要視している,あまり重要としていない,重要視している,営業担当からの説明・ご提案、その他,
00000230,0000000582_00000230_1.jpg,,2026-06-17 09:46:23,製品Bの導入を検討,1年以内,非常に重要視している,重要視している,重要視している,非常に重要視している,重要視している,非常に重要視している,その他,旧モデルからの移行パスがあるか気になっています。
00000231,0000000582_00000231_1.jpg,0000000582_00000231_2.jpg,2026-06-17 09:58:04,製品Aの導入を検討、情報収集,検討中だが時期未定,重要視している,確認・比較はしている,重要視している,重要視している,あまり重要としていない,非常に重要視している,営業担当からの説明・ご提案、お見積り,
00000232,0000000582_00000232_1.jpg,,2026-06-17 10:03:03,製品Aの導入を検討、その他,検討中だが時期未定,重要視している,非常に重要視している,非常に重要視している,重要視している,確認・比較はしている,確認・比較はしている,営業担当からの説明・ご提案,
00000233,,,2026-06-17 10:13:57,製品Aの導入を検討、製品Bの導入を検討、製品Cの導入を検討,検討中だが時期未定,非常に重要視している,確認・比較はしている,非常に重要視している,確認・比較はしている,重要視している,確認・比較はしている,お見積り,既存システムとの連携可否について、後日詳しくお聞きしたいです。
00000234,,,2026-06-17 10:18:28,製品Aの導入を検討、製品Bの導入を検討、その他,検討中だが時期未定,確認・比較はしている,重要視している,重要視している,確認・比較はしている,確認・比較はしている,確認・比較はしている,デモ・テスト導入,導入事例をもう少し詳しく知りたいです。特に同業種の事例があれば。
00000235,0000000582_00000235_1.jpg,,2026-06-17 10:29:20,情報収集,導入予定なし,重要視している,非常に重要視している,確認・比較はしている,重要視している,非常に重要視している,非常に重要視している,案内を希望しない,
00000236,0000000582_00000236_1.jpg,,2026-06-17 10:39:16,製品Aの導入を検討、製品Cの導入を検討、情報収集,1年以内,重要視している,確認・比較はしている,重要視している,非常に重要視している,あまり重要としていない,重要視している,お見積り,
00000237,0000000582_00000237_1.jpg,,2026-06-17 10:44:44,製品Cの導入を検討、情報収集,検討中だが時期未定,重要視している,確認・比較はしている,確認・比較はしている,重要視している,あまり重要としていない,重要視している,案内を希望しない,
00000238,,,2026-06-17 10:47:58,情報収集,導入予定なし,重要視している,確認・比較はしている,重要視している,重要視している,重要視している,確認・比較はしている,案内を希望しない,
00000239,0000000582_00000239_1.jpg,0000000582_00000239_2.jpg,2026-06-17 10:51:46,製品Bの導入を検討、製品Cの導入を検討、情報収集,3か月以内,非常に重要視している,非常に重要視している,あまり重要としていない,非常に重要視している,非常に重要視している,重要視している,デモ・テスト導入,
00000240,0000000582_00000240_1.jpg,0000000582_00000240_2.jpg,2026-06-17 10:52:21,製品Aの導入を検討,1年以内,確認・比較はしている,確認・比較はしている,非常に重要視している,あまり重要としていない,非常に重要視している,確認・比較はしている,デモ・テスト導入,
00000241,,,2026-06-17 10:53:11,製品Bの導入を検討,1年以内,重要視している,非常に重要視している,非常に重要視している,非常に重要視している,非常に重要視している,確認・比較はしている,営業担当からの説明・ご提案,
00000242,0000000582_00000242_1.jpg,0000000582_00000242_2.jpg,2026-06-17 10:55:59,製品Cの導入を検討、情報収集,検討中だが時期未定,確認・比較はしている,重要視している,重要視している,非常に重要視している,重要視している,確認・比較はしている,案内を希望しない,
00000243,0000000582_00000243_1.jpg,0000000582_00000243_2.jpg,2026-06-17 10:57:45,製品Cの導入を検討、情報収集,1年以内,重要視している,確認・比較はしている,重要視している,重要視している,あまり重要としていない,あまり重要としていない,お見積り,海外拠点への展開実績はありますか。
00000244,0000000582_00000244_1.jpg,0000000582_00000244_2.jpg,2026-06-17 10:59:19,情報収集,導入予定なし,重要視している,確認・比較はしている,あまり重要としていない,非常に重要視している,重要視している,重要視している,営業担当からの説明・ご提案、デモ・テスト導入,セミナーの開催予定があれば案内をお願いします。
00000245,0000000582_00000245_1.jpg,0000000582_00000245_2.jpg,2026-06-17 11:01:50,製品Bの導入を検討、情報収集,検討中だが時期未定,非常に重要視している,非常に重要視している,非常に重要視している,非常に重要視している,確認・比較はしている,あまり重要としていない,営業担当からの説明・ご提案,
00000246,0000000582_00000246_1.jpg,,2026-06-17 11:04:28,情報収集、その他,導入予定なし,確認・比較はしている,非常に重要視している,あまり重要としていない,あまり重要としていない,重要視している,重要視している,案内を希望しない,保守対応の範囲と費用感を教えてください。
00000247,0000000582_00000247_1.jpg,,2026-06-17 11:11:34,製品Bの導入を検討、情報収集,3か月以内,確認・比較はしている,非常に重要視している,あまり重要としていない,非常に重要視している,重要視している,確認・比較はしている,営業担当からの説明・ご提案,
00000248,0000000582_00000248_1.jpg,0000000582_00000248_2.jpg,2026-06-17 11:16:43,製品Aの導入を検討、情報収集,検討中だが時期未定,非常に重要視している,重要視している,確認・比較はしている,非常に重要視している,重要視している,重要視している,営業担当からの説明・ご提案、デモ・テスト導入,
00000249,0000000582_00000249_1.jpg,,2026-06-17 11:17:27,製品Bの導入を検討、製品Cの導入を検討、情報収集,検討中だが時期未定,重要視している,確認・比較はしている,非常に重要視している,非常に重要視している,確認・比較はしている,重要視している,お見積り,
00000250,0000000582_00000250_1.jpg,0000000582_00000250_2.jpg,2026-06-17 11:34:13,製品Cの導入を検討、情報収集,検討中だが時期未定,確認・比較はしている,重要視している,非常に重要視している,確認・比較はしている,あまり重要としていない,重要視している,デモ・テスト導入,
00000251,0000000582_00000251_1.jpg,0000000582_00000251_2.jpg,2026-06-17 11:36:49,製品Bの導入を検討、製品Cの導入を検討,検討中だが時期未定,非常に重要視している,重要視している,確認・比較はしている,重要視している,確認・比較はしている,非常に重要視している,営業担当からの説明・ご提案,説明員の対応が丁寧で好印象でした。
00000252,,,2026-06-17 11:38:30,製品Aの導入を検討,3か月以内,非常に重要視している,確認・比較はしている,確認・比較はしている,重要視している,非常に重要視している,確認・比較はしている,営業担当からの説明・ご提案,
00000253,0000000582_00000253_1.jpg,0000000582_00000253_2.jpg,2026-06-17 11:58:30,製品Aの導入を検討、情報収集,3か月以内,非常に重要視している,非常に重要視している,あまり重要としていない,重要視している,重要視している,あまり重要としていない,お見積り,
00000254,0000000582_00000254_1.jpg,,2026-06-17 12:10:25,製品Cの導入を検討、情報収集,検討中だが時期未定,重要視している,重要視している,非常に重要視している,非常に重要視している,非常に重要視している,重要視している,営業担当からの説明・ご提案,
00000255,0000000582_00000255_1.jpg,0000000582_00000255_2.jpg,2026-06-17 12:25:04,製品Bの導入を検討、情報収集,検討中だが時期未定,非常に重要視している,非常に重要視している,あまり重要としていない,重要視している,重要視している,重要視している,営業担当からの説明・ご提案、お見積り、デモ・テスト導入,
00000256,0000000582_00000256_1.jpg,,2026-06-17 12:28:15,製品Aの導入を検討、製品Bの導入を検討、製品Cの導入を検討、情報収集,1年以内,非常に重要視している,非常に重要視している,重要視している,非常に重要視している,重要視している,確認・比較はしている,お見積り,他社製品と比較検討中です。優位性が分かる資料が欲しいです。
00000257,0000000582_00000257_1.jpg,,2026-06-17 12:34:40,製品Cの導入を検討,3か月以内,非常に重要視している,重要視している,あまり重要としていない,確認・比較はしている,重要視している,確認・比較はしている,デモ・テスト導入,
00000258,0000000582_00000258_1.jpg,0000000582_00000258_2.jpg,2026-06-17 12:35:12,製品Aの導入を検討,1年以内,重要視している,重要視している,あまり重要としていない,重要視している,確認・比較はしている,確認・比較はしている,その他,サポート窓口の受付時間を教えてください。
00000259,0000000582_00000259_1.jpg,0000000582_00000259_2.jpg,2026-06-17 12:37:51,製品Aの導入を検討、情報収集,3か月以内,非常に重要視している,確認・比較はしている,確認・比較はしている,非常に重要視している,非常に重要視している,重要視している,営業担当からの説明・ご提案、お見積り,会場が混んでいてゆっくり聞けなかったので、改めて訪問説明を希望します。
00000260,0000000582_00000260_1.jpg,0000000582_00000260_2.jpg,2026-06-17 12:42:33,製品Aの導入を検討、製品Cの導入を検討、情報収集,検討中だが時期未定,確認・比較はしている,あまり重要としていない,あまり重要としていない,非常に重要視している,重要視している,重要視している,営業担当からの説明・ご提案、お見積り、デモ・テスト導入,予算取りの参考にしたいので概算見積りをお願いします。
00000261,0000000582_00000261_1.jpg,0000000582_00000261_2.jpg,2026-06-17 12:57:35,情報収集、その他,導入予定なし,非常に重要視している,あまり重要としていない,非常に重要視している,重要視している,重要視している,重要視している,案内を希望しない,
00000262,0000000582_00000262_1.jpg,0000000582_00000262_2.jpg,2026-06-17 13:00:18,製品Aの導入を検討、情報収集,直ぐにでも,重要視している,非常に重要視している,確認・比較はしている,非常に重要視している,確認・比較はしている,非常に重要視している,お見積り,予算取りの参考にしたいので概算見積りをお願いします。
00000263,0000000582_00000263_1.jpg,0000000582_00000263_2.jpg,2026-06-17 13:04:20,製品Aの導入を検討、製品Bの導入を検討、製品Cの導入を検討,3か月以内,非常に重要視している,重要視している,重要視している,重要視している,重要視している,確認・比較はしている,案内を希望しない,
00000264,0000000582_00000264_1.jpg,0000000582_00000264_2.jpg,2026-06-17 13:17:50,製品Aの導入を検討、製品Bの導入を検討、製品Cの導入を検討,検討中だが時期未定,非常に重要視している,確認・比較はしている,重要視している,重要視している,あまり重要としていない,あまり重要としていない,案内を希望しない,カタログだけでは分からない運用面の話が聞けて良かったです。
00000265,0000000582_00000265_1.jpg,0000000582_00000265_2.jpg,2026-06-17 13:25:40,製品Cの導入を検討、情報収集,1年以内,重要視している,重要視している,あまり重要としていない,非常に重要視している,あまり重要としていない,重要視している,営業担当からの説明・ご提案,旧モデルからの移行パスがあるか気になっています。
00000266,0000000582_00000266_1.jpg,,2026-06-17 13:28:01,製品Cの導入を検討,検討中だが時期未定,確認・比較はしている,重要視している,非常に重要視している,確認・比較はしている,非常に重要視している,あまり重要としていない,営業担当からの説明・ご提案,製品Aのデモが印象的でした。価格表を送ってもらえると助かります。
00000267,0000000582_00000267_1.jpg,,2026-06-17 13:35:35,情報収集,導入予定なし,重要視している,非常に重要視している,確認・比較はしている,重要視している,確認・比較はしている,確認・比較はしている,お見積り、デモ・テスト導入、その他,
00000268,0000000582_00000268_1.jpg,,2026-06-17 14:00:02,製品Cの導入を検討、情報収集,1年以内,あまり重要としていない,重要視している,あまり重要としていない,重要視している,重要視している,確認・比較はしている,案内を希望しない,
00000269,0000000582_00000269_1.jpg,0000000582_00000269_2.jpg,2026-06-17 14:05:34,製品Aの導入を検討,検討中だが時期未定,重要視している,確認・比較はしている,あまり重要としていない,重要視している,あまり重要としていない,確認・比較はしている,デモ・テスト導入,カタログだけでは分からない運用面の話が聞けて良かったです。
00000270,0000000582_00000270_1.jpg,0000000582_00000270_2.jpg,2026-06-17 14:19:05,製品Aの導入を検討,検討中だが時期未定,重要視している,非常に重要視している,重要視している,重要視している,非常に重要視している,重要視している,デモ・テスト導入,ブースの説明が分かりやすかったです。資料を社内で共有します。
00000271,0000000582_00000271_1.jpg,,2026-06-17 14:20:52,製品Aの導入を検討,1年以内,重要視している,あまり重要としていない,非常に重要視している,非常に重要視している,非常に重要視している,重要視している,営業担当からの説明・ご提案、お見積り、デモ・テスト導入,納期の目安を教えていただけると社内稟議を進めやすいです。
00000272,0000000582_00000272_1.jpg,0000000582_00000272_2.jpg,2026-06-17 14:29:18,製品Aの導入を検討、製品Bの導入を検討,1年以内,非常に重要視している,確認・比較はしている,あまり重要としていない,非常に重要視している,確認・比較はしている,重要視している,営業担当からの説明・ご提案,
00000273,0000000582_00000273_1.jpg,,2026-06-17 14:31:14,その他,導入予定なし,非常に重要視している,重要視している,あまり重要としていない,重要視している,確認・比較はしている,重要視している,お見積り,
00000274,0000000582_00000274_1.jpg,0000000582_00000274_2.jpg,2026-06-17 14:36:10,製品Aの導入を検討、製品Cの導入を検討、情報収集,検討中だが時期未定,確認・比較はしている,非常に重要視している,重要視している,非常に重要視している,あまり重要としていない,重要視している,営業担当からの説明・ご提案、お見積り,
00000275,0000000582_00000275_1.jpg,0000000582_00000275_2.jpg,2026-06-17 14:39:25,情報収集,導入予定なし,非常に重要視している,非常に重要視している,重要視している,重要視している,あまり重要としていない,確認・比較はしている,案内を希望しない,他社製品と比較検討中です。優位性が分かる資料が欲しいです。
00000276,0000000582_00000276_1.jpg,,2026-06-17 14:53:17,製品Aの導入を検討、製品Cの導入を検討,検討中だが時期未定,非常に重要視している,確認・比較はしている,非常に重要視している,重要視している,非常に重要視している,非常に重要視している,営業担当からの説明・ご提案,
00000277,0000000582_00000277_1.jpg,0000000582_00000277_2.jpg,2026-06-17 15:04:27,製品Aの導入を検討、製品Bの導入を検討、製品Cの導入を検討、情報収集,1年以内,非常に重要視している,非常に重要視している,重要視している,重要視している,重要視している,あまり重要としていない,営業担当からの説明・ご提案、その他,
00000278,0000000582_00000278_1.jpg,0000000582_00000278_2.jpg,2026-06-17 15:10:16,情報収集、その他,導入予定なし,非常に重要視している,重要視している,重要視している,非常に重要視している,あまり重要としていない,重要視している,案内を希望しない,特になし
00000279,0000000582_00000279_1.jpg,,2026-06-17 15:13:34,製品Bの導入を検討,1年以内,非常に重要視している,確認・比較はしている,確認・比較はしている,重要視している,重要視している,重要視している,営業担当からの説明・ご提案,
00000280,0000000582_00000280_1.jpg,0000000582_00000280_2.jpg,2026-06-17 15:15:41,製品Bの導入を検討、情報収集,1年以内,非常に重要視している,確認・比較はしている,重要視している,重要視している,非常に重要視している,確認・比較はしている,お見積り,
00000281,0000000582_00000281_1.jpg,0000000582_00000281_2.jpg,2026-06-17 15:27:44,製品Cの導入を検討,3か月以内,重要視している,非常に重要視している,確認・比較はしている,重要視している,確認・比較はしている,確認・比較はしている,営業担当からの説明・ご提案、お見積り,
00000282,0000000582_00000282_1.jpg,0000000582_00000282_2.jpg,2026-06-17 15:31:44,製品Bの導入を検討、製品Cの導入を検討,1年以内,非常に重要視している,重要視している,重要視している,あまり重要としていない,重要視している,重要視している,営業担当からの説明・ご提案,
00000283,0000000582_00000283_1.jpg,,2026-06-17 15:39:34,製品Aの導入を検討,検討中だが時期未定,非常に重要視している,非常に重要視している,重要視している,確認・比較はしている,確認・比較はしている,重要視している,お見積り,
00000284,0000000582_00000284_1.jpg,,2026-06-17 15:52:49,その他,導入予定なし,あまり重要としていない,確認・比較はしている,確認・比較はしている,非常に重要視している,非常に重要視している,非常に重要視している,デモ・テスト導入、その他,
00000285,0000000582_00000285_1.jpg,0000000582_00000285_2.jpg,2026-06-17 16:02:08,製品Aの導入を検討、製品Cの導入を検討,3か月以内,確認・比較はしている,確認・比較はしている,確認・比較はしている,重要視している,あまり重要としていない,確認・比較はしている,お見積り,
00000286,0000000582_00000286_1.jpg,,2026-06-17 16:02:21,製品Aの導入を検討、製品Cの導入を検討,3か月以内,非常に重要視している,重要視している,確認・比較はしている,重要視している,重要視している,重要視している,その他,説明員の対応が丁寧で好印象でした。
00000287,0000000582_00000287_1.jpg,0000000582_00000287_2.jpg,2026-06-17 16:08:34,製品Aの導入を検討,検討中だが時期未定,非常に重要視している,重要視している,非常に重要視している,非常に重要視している,確認・比較はしている,重要視している,営業担当からの説明・ご提案,
00000288,0000000582_00000288_1.jpg,0000000582_00000288_2.jpg,2026-06-17 16:08:48,製品Aの導入を検討、情報収集,1年以内,非常に重要視している,重要視している,非常に重要視している,重要視している,重要視している,あまり重要としていない,営業担当からの説明・ご提案、お見積り,
00000289,0000000582_00000289_1.jpg,,2026-06-17 16:11:44,製品Cの導入を検討、情報収集,1年以内,重要視している,非常に重要視している,確認・比較はしている,重要視している,非常に重要視している,非常に重要視している,お見積り、デモ・テスト導入,
00000290,0000000582_00000290_1.jpg,,2026-06-17 16:25:01,製品Aの導入を検討、情報収集,直ぐにでも,重要視している,確認・比較はしている,あまり重要としていない,重要視している,重要視している,確認・比較はしている,営業担当からの説明・ご提案,既存システムとの連携可否について、後日詳しくお聞きしたいです。
00000291,0000000582_00000291_1.jpg,0000000582_00000291_2.jpg,2026-06-17 16:31:19,製品Bの導入を検討、製品Cの導入を検討、情報収集,検討中だが時期未定,非常に重要視している,重要視している,重要視している,非常に重要視している,あまり重要としていない,確認・比較はしている,営業担当からの説明・ご提案、お見積り,既存システムとの連携可否について、後日詳しくお聞きしたいです。
00000292,0000000582_00000292_1.jpg,0000000582_00000292_2.jpg,2026-06-17 16:47:20,製品Bの導入を検討,検討中だが時期未定,非常に重要視している,重要視している,重要視している,非常に重要視している,重要視している,確認・比較はしている,お見積り、デモ・テスト導入,既存システムとの連携可否について、後日詳しくお聞きしたいです。
00000293,0000000582_00000293_1.jpg,0000000582_00000293_2.jpg,2026-06-17 16:50:29,製品Cの導入を検討,直ぐにでも,確認・比較はしている,あまり重要としていない,重要視している,あまり重要としていない,重要視している,重要視している,お見積り,ブースの説明が分かりやすかったです。資料を社内で共有します。
00000294,0000000582_00000294_1.jpg,,2026-06-17 16:50:36,製品Bの導入を検討,直ぐにでも,重要視している,非常に重要視している,非常に重要視している,非常に重要視している,重要視している,確認・比較はしている,営業担当からの説明・ご提案,
00000295,0000000582_00000295_1.jpg,0000000582_00000295_2.jpg,2026-06-17 16:56:45,製品Aの導入を検討、製品Bの導入を検討,1年以内,非常に重要視している,非常に重要視している,非常に重要視している,重要視している,重要視している,重要視している,お見積り,展示されていた新型は当社の用途に合いそうです。仕様書を希望します。
00000296,0000000582_00000296_1.jpg,0000000582_00000296_2.jpg,2026-06-17 16:59:37,情報収集,導入予定なし,非常に重要視している,重要視している,あまり重要としていない,重要視している,重要視している,確認・比較はしている,案内を希望しない,
00000297,0000000582_00000297_1.jpg,0000000582_00000297_2.jpg,2026-06-17 17:24:23,情報収集,導入予定なし,非常に重要視している,確認・比較はしている,確認・比較はしている,確認・比較はしている,確認・比較はしている,非常に重要視している,案内を希望しない,予算取りの参考にしたいので概算見積りをお願いします。
00000298,0000000582_00000298_1.jpg,0000000582_00000298_2.jpg,2026-06-17 17:24:38,製品Bの導入を検討、製品Cの導入を検討,検討中だが時期未定,重要視している,重要視している,非常に重要視している,非常に重要視している,重要視している,重要視している,営業担当からの説明・ご提案、デモ・テスト導入,
00000299,0000000582_00000299_1.jpg,0000000582_00000299_2.jpg,2026-06-17 17:25:21,製品Cの導入を検討,検討中だが時期未定,重要視している,確認・比較はしている,重要視している,重要視している,確認・比較はしている,重要視している,営業担当からの説明・ご提案,
00000300,0000000582_00000300_1.jpg,0000000582_00000300_2.jpg,2026-06-17 17:26:30,製品Aの導入を検討、情報収集,1年以内,重要視している,重要視している,確認・比較はしている,確認・比較はしている,あまり重要としていない,あまり重要としていない,営業担当からの説明・ご提案,トライアル導入の条件を確認したいです。
